"V2","V3","V4","V5","V6","V7","V8","V9"
9,8,0,24,41,30,35,16
13,4,3,30,54,36,44,15
10,6,4,22,33,25,27,11
12,3,0,52,240,81,78,15
10,3,3,65,481,112,85,13
11,0,1,55,337,84,66,15
12,2,1,55,331,85,72,11
10,0,7,54,331,86,65,17
8,5,4,24,40,29,34,16
8,2,0,29,52,32,45,18
10,5,4,23,34,28,27,16
8,4,0,51,241,84,80,22
10,5,0,63,477,107,89,18
8,8,1,55,336,81,71,14
8,3,0,55,330,86,68,20
8,10,0,57,331,85,70,13
11,2,2,23,39,27,37,14
9,5,4,28,53,36,47,15
10,3,4,18,34,28,26,13
7,0,0,45,240,82,82,16
8,2,0,62,475,103,87,17
8,1,2,54,329,88,68,16
6,8,0,51,326,81,67,13
7,3,0,53,326,85,68,15
11,3,6,19,42,28,36,14
10,2,3,24,54,37,48,14
11,5,6,19,34,26,28,11
12,0,6,39,241,82,83,17
13,1,0,48,471,106,96,10
16,0,2,45,320,85,75,11
10,0,1,47,314,82,73,19
12,0,1,44,319,81,75,12
9,4,3,19,40,30,36,16
8,7,3,21,54,39,45,16
9,7,2,18,35,27,29,15
10,4,0,38,240,80,82,16
8,4,4,46,470,109,93,16
7,1,1,37,315,90,74,19
10,1,0,38,315,82,70,14
6,2,0,41,312,84,72,10
11,7,2,21,43,29,35,14
9,3,0,27,54,34,47,17
10,7,3,18,34,27,26,14
8,6,0,40,241,84,85,20
11,3,1,57,470,106,93,18
8,7,4,47,312,85,68,13
8,10,0,44,306,84,69,18
15,2,0,48,308,82,70,15
13,1,3,22,42,27,38,16
12,3,2,22,55,37,46,14
10,5,4,17,34,25,31,14
16,1,0,39,243,81,83,18
13,4,5,50,467,104,94,16
11,2,0,40,314,90,72,18
14,7,0,40,310,81,67,16
8,6,2,48,313,83,73,14
13,5,7,22,40,30,37,15
11,4,3,21,57,35,48,18
13,3,2,19,32,24,29,11
13,0,0,42,239,83,84,19
14,0,5,49,467,107,91,20
17,4,2,47,314,80,75,16
13,0,0,43,309,84,70,17
15,3,1,47,310,79,68,12
11,3,0,22,41,31,36,13
9,4,1,25,55,34,43,17
8,7,3,18,31,24,27,14
11,0,0,38,237,87,80,15
12,0,1,48,468,108,91,16
8,4,3,45,314,87,75,18
15,2,0,40,313,86,72,18
11,3,0,45,311,86,70,18
11,7,4,21,41,32,37,17
10,4,3,21,55,38,47,17
10,3,2,19,33,26,28,11
9,4,1,38,233,83,80,17
7,3,5,48,465,109,93,19
12,7,0,38,305,89,72,15
9,3,0,42,303,89,67,16
7,1,5,43,307,82,68,12
10,5,5,21,41,29,36,14
10,5,4,24,56,33,44,16
12,4,6,17,34,25,30,14
10,5,0,37,232,86,81,18
9,4,0,47,460,109,91,15
12,3,1,35,302,83,70,14
10,9,0,36,294,85,67,17
5,0,1,43,297,85,69,14
10,4,3,21,40,30,37,14
8,3,1,24,55,34,48,15
9,5,3,19,31,26,27,12
10,0,2,40,228,82,81,16
12,6,2,44,460,102,92,15
13,5,0,44,300,89,76,16
14,0,2,42,295,84,66,17
9,0,5,42,296,83,65,11
10,6,3,21,41,29,36,13
9,4,0,24,53,39,45,16
7,3,5,19,34,25,27,11
8,4,3,44,224,83,82,15
9,7,0,48,459,111,91,20
10,1,0,44,304,88,72,10
9,1,0,43,302,87,67,12
13,3,5,39,301,87,66,16
8,3,6,22,41,30,35,15
11,4,5,23,54,35,45,16
7,7,3,20,34,28,29,12
6,0,3,40,225,86,78,16
4,4,3,47,458,107,87,15
5,9,0,40,308,89,71,17
10,1,0,45,303,89,69,18
5,0,0,42,308,86,70,15
11,4,5,22,42,29,36,13
9,4,2,24,56,38,45,16
8,3,6,19,33,24,27,10
6,2,4,38,226,83,76,13
11,8,8,53,459,113,90,14
9,5,0,48,316,91,71,14
7,0,8,46,310,89,68,15
4,2,2,46,309,87,68,11
10,6,6,21,43,31,35,16
9,6,5,24,55,32,42,15
10,2,3,19,32,24,26,14
5,2,1,42,225,83,77,17
9,4,4,52,467,110,89,14
10,5,2,50,327,89,70,16
9,1,0,47,321,86,67,14
11,0,5,49,328,92,70,17
8,7,3,19,40,30,34,16
10,5,4,23,53,34,44,18
10,7,4,18,32,23,29,12
9,2,6,39,227,86,79,21
4,2,1,52,469,109,91,16
7,10,2,49,345,90,69,15
10,2,4,44,342,91,72,18
5,4,3,48,343,91,73,13
7,7,4,23,39,30,35,16
11,6,3,26,53,36,43,15
9,5,4,22,34,26,29,14
6,3,2,46,228,87,82,15
7,3,3,61,474,114,91,22
10,7,0,52,360,95,77,16
3,1,3,52,354,93,74,17
2,2,6,55,356,95,70,14
9,7,3,25,42,32,36,16
11,3,2,23,56,40,43,16
9,3,8,19,33,24,28,14
11,0,2,49,228,87,82,19
9,8,0,59,476,120,92,13
9,0,3,50,370,106,77,17
9,0,5,49,368,100,73,21
9,1,0,58,364,98,69,17
8,7,2,21,42,33,38,16
9,2,5,26,54,37,44,19
8,5,3,21,34,24,26,13
6,4,0,48,229,92,81,18
11,5,3,58,481,131,95,17
8,1,8,53,377,107,74,19
8,0,0,59,369,99,73,18
4,5,0,61,368,104,77,16
6,5,2,24,41,29,38,18
7,6,2,23,56,40,47,16
12,2,6,17,34,26,26,15
6,0,0,51,229,89,83,22
6,0,0,65,478,121,96,21
10,2,7,56,376,106,71,15
8,0,7,55,374,103,75,21
11,1,0,55,376,99,72,19
8,7,5,22,42,33,37,15
11,1,4,23,57,38,44,21
9,5,5,23,33,24,30,14
2,6,0,51,229,93,85,16
8,7,2,61,481,130,96,17
12,0,7,56,385,104,72,24
9,6,0,55,378,102,75,18
1,5,1,58,379,102,79,18
13,3,6,22,42,31,34,18
8,2,0,32,58,38,45,17
9,6,2,22,33,26,28,13
7,0,9,49,230,92,86,16
14,0,6,64,486,131,91,19
6,5,0,62,387,108,77,16
9,5,2,65,379,105,72,12
7,1,1,57,380,104,75,18
9,5,1,27,43,29,37,18
7,7,2,27,52,37,49,13
9,3,9,20,33,25,27,13
11,2,4,46,230,92,84,18
7,6,2,65,488,128,97,16
7,9,3,66,387,108,77,11
10,0,5,56,382,104,76,21
13,4,4,55,386,109,74,16
8,7,6,26,41,31,38,17
9,6,5,28,55,38,46,18
9,3,5,18,33,25,29,16
9,5,1,49,234,95,86,17
0,5,0,70,488,127,100,18
8,0,10,60,384,108,79,18
12,3,4,52,381,105,72,19
6,9,0,55,384,101,74,13
8,5,4,24,42,29,39,17
8,1,8,26,55,38,48,14
11,8,5,22,34,26,29,11
7,4,2,50,232,95,89,19
5,4,4,58,487,127,99,23
13,4,2,53,382,101,79,17
9,2,0,60,373,101,83,10
2,4,5,60,374,101,78,20
11,7,4,23,42,29,36,16
6,6,0,30,55,38,50,13
10,5,7,21,33,27,29,13
14,2,9,47,234,94,86,22
13,8,0,53,483,124,98,18
6,5,0,61,369,98,87,13
11,0,5,62,362,97,78,20
12,1,5,54,366,104,75,20
8,3,1,23,42,26,38,16
10,4,5,30,55,37,48,13
10,4,8,19,33,26,28,14
6,7,4,47,234,93,84,17
6,6,0,62,483,117,100,13
12,0,0,58,363,96,79,15
12,2,5,55,358,94,73,18
5,1,3,50,363,99,75,20
9,5,7,26,42,30,39,18
12,1,7,24,54,40,45,18
11,10,5,19,35,26,30,12
7,7,0,46,234,91,90,18
14,0,0,59,475,119,100,16
17,2,10,56,350,98,74,19
7,3,5,48,348,97,78,19
8,7,0,50,349,95,80,8
12,2,8,24,41,31,38,18
10,5,6,24,59,40,48,17
8,6,4,17,33,28,32,10
9,6,0,44,232,88,91,16
18,0,4,58,472,119,97,27
10,2,7,45,335,98,81,19
7,8,3,51,331,90,81,13
13,0,0,52,334,92,77,15
12,4,6,22,43,33,37,20
8,9,3,23,55,38,50,13
8,7,2,23,33,26,28,12
15,0,0,48,235,91,87,19
14,5,5,55,472,122,97,22
2,10,4,52,330,91,86,22
12,5,0,56,327,94,77,9
17,2,0,51,325,98,78,17
10,8,6,22,44,30,41,18
10,3,0,28,55,36,50,14
13,1,2,20,33,27,26,15
8,4,6,44,232,93,89,23
8,4,4,53,472,117,102,21
14,3,3,55,332,92,78,16
12,0,0,55,326,94,75,18
10,0,0,50,327,95,75,18
10,6,4,24,41,29,38,16
12,1,1,23,57,38,47,13
9,4,5,17,33,28,29,15
6,9,6,47,231,91,93,19
10,8,0,55,470,116,106,16
15,1,0,51,334,101,73,16
14,0,4,54,326,96,72,19
3,0,3,43,332,91,84,19
11,1,3,23,41,31,38,16
8,2,3,23,55,42,47,19
7,9,6,20,33,25,30,12
8,6,0,44,233,90,95,19
19,4,0,57,466,124,94,18
12,0,8,52,339,99,80,21
2,2,4,44,337,92,84,22
14,10,0,51,338,95,79,13
10,1,5,22,40,32,36,19
6,4,6,27,55,35,53,18
10,10,4,18,34,26,30,12
13,5,0,47,228,93,88,17
9,0,1,52,463,123,99,21
4,2,6,47,350,95,80,21
9,5,0,45,345,99,80,19
15,0,1,52,344,99,81,12
6,3,4,22,43,27,40,20
5,6,1,24,54,35,51,16
12,8,5,21,33,28,27,12
10,0,1,45,226,92,88,18
10,1,0,56,464,115,100,21
4,6,0,51,357,96,86,21
10,5,0,53,350,95,78,13
15,5,6,53,350,98,76,13
8,8,3,23,43,29,39,18
10,6,0,25,54,39,50,15
9,5,5,21,32,26,27,11
7,0,3,44,224,93,86,18
4,4,0,56,464,115,105,24
11,6,4,50,362,100,84,20
9,0,0,57,355,100,77,15
6,0,0,52,361,91,76,15
9,8,5,23,42,32,41,19
12,3,5,24,53,39,46,14
9,3,3,21,34,26,27,13
3,3,4,46,225,89,90,20
8,9,0,58,464,122,103,20
15,0,1,56,371,101,78,17
12,0,4,57,368,96,76,18
3,2,1,49,371,96,76,15
9,3,1,24,40,33,38,16
7,2,2,26,57,37,46,16
8,6,5,21,33,25,31,14
4,7,0,48,224,92,93,23
13,1,1,66,464,126,100,19
12,0,1,58,377,105,81,17
4,0,3,50,370,95,79,17
5,5,1,56,369,101,82,14
9,2,6,24,43,30,36,17
4,5,3,26,57,38,48,18
7,8,7,19,32,25,31,13
8,3,0,50,225,96,93,19
12,2,0,61,465,129,98,21
7,1,5,52,373,99,78,19
4,0,0,51,367,100,84,16
11,3,0,60,365,102,83,9
8,4,4,24,43,29,36,17
7,7,4,26,56,36,50,17
11,8,4,23,33,30,32,14
12,0,0,51,227,93,92,21
10,0,3,54,468,123,100,25
0,2,3,54,372,97,79,16
9,8,0,59,365,103,80,9
14,0,0,55,368,106,84,17
9,5,2,21,43,30,39,16
9,9,0,29,52,38,49,15
12,5,4,22,35,30,32,16
9,0,6,47,230,95,91,20
10,7,4,56,465,120,98,20
8,1,3,58,372,99,86,19
11,0,0,50,364,97,79,11
9,4,3,49,371,103,79,17
9,5,3,23,42,30,40,18
9,2,1,28,54,39,49,16
10,5,5,17,34,27,29,12
9,0,4,44,231,94,93,25
9,6,0,63,462,119,105,19
14,4,2,52,373,102,84,19
9,0,3,48,370,101,78,15
8,4,6,52,370,97,79,19
10,4,0,23,40,30,38,13
12,5,4,22,56,40,44,16
8,3,6,22,35,27,30,17
8,7,0,51,228,91,93,18
15,2,0,61,463,123,105,16
9,0,8,49,379,104,83,15
6,1,2,57,370,97,80,18
5,9,0,58,371,97,80,14
12,2,5,20,43,32,34,19
8,5,5,24,53,34,46,16
10,6,4,23,31,24,29,14
13,4,0,48,230,93,93,18
18,0,3,58,464,124,101,19
8,1,2,56,381,106,85,21
5,2,0,53,373,95,82,18
11,5,0,56,371,99,81,12
10,6,6,21,40,31,36,17
8,3,0,31,54,37,47,20
9,6,4,20,32,25,28,13
14,1,1,49,229,94,92,17
8,5,6,57,467,127,106,21
9,3,0,56,382,100,80,22
9,7,0,61,374,99,84,10
14,3,5,52,375,106,80,17
8,7,7,22,41,30,35,17
10,6,0,30,53,35,47,14
9,7,6,22,35,27,31,11
13,1,8,43,229,95,89,21
11,3,3,60,465,122,103,19
7,6,2,57,384,100,87,16
14,3,5,52,375,99,80,11
10,2,6,54,381,107,83,17
10,5,2,26,40,29,38,16
9,4,6,26,53,37,49,15
10,5,6,18,34,27,30,13
6,0,1,50,230,95,91,25
11,6,0,61,463,125,102,18
8,2,3,57,386,102,88,16
12,0,4,52,378,102,78,17
11,3,0,53,380,105,79,21
12,4,8,22,39,29,39,15
8,4,6,26,54,38,47,15
8,5,3,21,33,27,28,15
10,5,1,53,228,91,96,16
11,2,5,62,460,124,105,13
13,0,3,51,383,102,81,21
10,0,2,56,380,101,78,16
6,7,0,61,382,100,84,11
13,1,7,22,40,30,36,18
10,4,1,25,55,39,45,17
9,7,4,23,35,26,29,12
10,4,1,50,226,91,94,15
15,0,7,58,459,127,100,21
13,6,0,52,388,106,79,19
7,4,0,55,382,95,80,12
13,0,6,62,384,102,83,13
11,3,7,21,40,31,34,19
11,6,0,27,53,35,48,13
8,5,5,22,34,25,29,13
10,0,6,49,228,98,94,22
15,0,4,54,461,125,100,25
5,13,2,56,391,102,82,14
8,0,0,58,384,99,82,16
16,0,1,61,381,105,79,20
10,6,3,21,40,27,35,14
9,4,0,31,54,36,46,10
10,3,4,22,32,25,29,13
14,5,9,50,226,98,88,18
11,10,0,58,462,124,102,12
9,3,0,57,393,100,86,14
13,0,9,62,384,103,79,20
13,1,3,57,388,108,76,15
7,5,2,23,41,26,39,13
10,0,6,29,53,35,46,16
10,4,7,20,33,29,28,14
7,5,0,47,228,93,91,14
8,7,0,63,462,122,106,12
14,0,4,59,390,99,81,23
11,4,10,57,387,100,78,16
6,7,3,55,392,100,80,12
10,2,9,25,39,31,38,17
12,1,4,26,53,41,42,16
7,9,4,19,33,27,29,9
9,2,0,48,227,92,93,16
16,1,0,64,461,124,104,21
11,2,11,60,394,106,76,21
7,0,2,52,388,104,85,13
10,5,0,53,390,102,83,15
10,6,6,24,39,31,34,16
10,6,5,26,53,36,46,13
7,7,2,19,33,26,31,10
10,2,2,52,227,89,91,17
11,0,2,66,462,126,96,20
5,7,1,52,395,102,81,10
11,4,0,54,390,97,80,14
17,0,0,58,390,97,73,21
9,6,4,21,39,32,36,17
7,7,0,24,52,36,49,9
13,5,4,21,33,25,28,15
13,0,4,50,225,94,86,21
9,5,6,59,461,125,102,16
9,7,3,54,394,98,84,15
16,1,0,55,387,100,73,13
9,2,0,57,386,105,77,17
9,6,5,22,41,28,38,13
12,1,0,25,52,36,45,15
11,6,4,21,32,28,27,13
6,3,6,49,226,97,93,17
9,3,6,53,462,123,105,15
15,2,4,53,399,104,75,13
9,0,0,55,390,105,77,20
11,1,1,56,393,105,81,11
12,4,1,23,39,27,33,16
14,3,3,26,52,37,42,16
7,5,5,20,34,25,31,15
8,8,4,50,228,92,91,11
13,4,0,60,462,120,99,15
13,0,0,59,400,107,74,24
7,5,7,61,391,101,78,15
5,4,5,52,399,96,84,13
13,2,5,23,38,31,34,17
9,5,7,27,53,35,45,14
11,9,8,24,35,25,30,10
11,0,0,51,226,95,87,19
13,0,0,66,459,130,94,22
5,1,9,60,402,103,84,14
7,5,3,54,396,101,79,11
16,5,0,60,397,106,73,17
9,8,9,22,40,30,37,12
9,7,6,26,53,33,45,14
13,4,4,23,34,30,26,12
12,3,5,54,226,97,89,15
3,0,2,63,460,123,105,17
10,7,0,55,402,105,79,11
16,1,1,55,394,105,73,15
9,0,0,63,394,102,76,19
7,5,3,23,38,34,33,16
13,1,4,27,51,37,42,16
9,3,7,18,36,25,31,14
10,5,2,49,227,96,89,14
13,8,0,65,460,128,96,19
5,0,8,59,400,102,84,22
10,0,7,57,396,98,80,14
9,2,0,53,396,108,78,12
12,3,6,25,38,30,35,15
6,2,4,27,50,35,46,16
10,6,4,21,35,27,27,10
16,7,4,50,224,98,88,15
13,0,8,70,459,125,96,21
9,0,4,60,398,102,84,20
5,3,0,56,393,102,82,10
15,7,4,57,391,108,76,9
10,3,5,21,40,28,37,16
9,6,3,24,53,36,45,12
12,6,1,20,33,29,28,12
15,7,2,51,225,92,87,18
12,0,9,60,459,126,99,22
4,0,0,54,399,100,86,15
14,8,5,52,387,103,76,7
14,5,0,63,390,107,75,13
9,6,7,20,42,28,36,13
10,5,0,27,51,39,47,15
11,7,4,21,33,27,25,13
11,0,4,49,228,94,90,18
8,1,3,55,461,122,106,17
12,9,4,57,392,109,79,11
13,5,0,60,388,107,78,14
16,1,4,57,392,98,76,23
9,6,5,20,40,29,36,12
13,6,1,27,49,38,42,15
11,6,5,22,35,29,30,14
10,0,7,45,227,92,91,19
6,2,3,58,457,127,102,14
12,8,0,59,393,110,77,17
15,0,4,58,389,96,74,16
12,0,2,50,392,99,82,15
11,5,4,23,37,33,34,12
14,5,0,27,51,37,41,14
13,5,6,18,35,23,28,13
8,3,1,46,226,92,92,18
9,6,0,65,453,124,99,16
16,0,0,59,392,99,75,18
17,0,6,54,385,98,77,20
15,6,4,54,384,97,80,10
9,5,3,24,40,31,33,14
12,2,3,26,54,33,42,16
10,6,4,20,34,26,29,11
11,6,3,52,224,96,90,14
14,8,0,64,458,124,95,20
11,1,2,55,391,94,77,15
8,1,3,58,382,97,79,9
11,3,2,61,386,104,81,14
12,2,5,19,41,27,34,17
11,2,6,25,51,36,48,14
10,8,1,24,33,27,29,12
12,3,1,52,227,95,86,18
16,0,3,56,458,122,94,19
13,4,6,55,392,95,84,12
3,8,0,59,384,100,78,12
11,6,0,52,386,104,77,12
10,2,8,21,39,29,39,16
9,6,3,28,51,38,47,14
14,6,6,22,36,29,26,13
11,0,5,43,226,92,91,18
14,1,9,58,453,119,102,16
9,10,1,60,384,101,78,15
8,6,3,47,378,101,77,14
17,0,6,51,382,97,74,21
8,10,3,23,37,29,37,11
10,4,2,27,54,40,45,15
13,2,5,23,36,27,29,15
12,1,6,48,223,89,88,17
8,5,0,60,444,117,101,17
12,6,4,48,369,98,79,15
8,1,7,50,367,92,76,15
7,2,5,51,367,89,76,16
11,5,5,23,41,32,36,14
10,6,5,22,54,38,42,14
11,3,7,20,36,27,28,14
11,3,6,43,220,86,91,15
14,7,0,56,432,113,99,12
9,3,5,46,362,100,78,13
13,0,7,44,355,91,74,19
11,3,0,53,355,86,76,13
12,6,6,20,38,31,36,14
10,3,7,26,53,38,44,16
11,7,7,22,35,26,27,13
9,4,0,41,218,83,91,17
10,4,8,46,427,113,102,11
13,0,4,41,344,94,73,15
7,5,0,47,341,87,75,17
10,6,5,50,338,87,74,13
10,5,6,18,40,31,35,14
11,2,7,21,51,34,44,16
12,6,0,24,34,25,30,13
6,4,1,40,218,89,92,14
17,2,7,44,424,115,98,17
10,0,2,49,338,86,76,19
6,6,0,45,328,86,74,11
8,4,3,42,328,86,76,11
11,2,4,20,40,26,35,17
11,6,0,28,50,33,42,14
10,4,6,18,35,29,28,12
14,0,3,32,219,87,85,19
12,0,0,50,423,107,95,19
11,7,0,47,321,91,74,9
10,0,5,38,315,90,73,13
21,0,4,37,321,84,67,21
8,9,3,21,37,29,32,13
11,4,4,20,53,35,42,17
13,5,4,18,36,24,30,13
12,1,2,37,218,84,91,12
11,5,0,45,412,113,95,17
12,0,7,40,315,88,73,21
12,0,0,41,309,85,69,10
11,5,3,37,308,84,76,15
13,4,5,17,39,29,33,14
10,4,3,22,51,32,42,15
11,7,2,24,35,26,29,10
9,2,1,36,216,85,89,13
17,0,7,38,414,113,92,22
13,6,0,38,306,85,73,10
7,5,0,38,299,78,76,13
10,0,7,38,300,83,73,13
10,5,6,18,38,30,34,15
9,7,3,22,52,31,41,14
10,2,3,22,35,26,30,9
12,2,2,38,214,88,91,14
9,12,0,37,416,109,93,24
8,4,3,33,306,89,71,14
11,0,5,38,299,80,79,13
15,3,0,42,305,82,74,16
12,5,2,18,40,26,33,15
12,6,1,23,48,31,43,11
9,3,6,19,34,27,28,13
12,0,3,35,218,88,85,15
14,10,2,41,420,114,91,10
11,6,0,42,312,86,72,12
10,2,0,44,309,87,75,14
17,0,8,40,309,84,67,19
11,7,3,23,35,27,36,9
10,1,7,24,49,35,44,14
14,5,4,16,33,27,26,12
9,9,3,36,220,85,87,10
10,3,0,51,423,109,96,11
15,0,1,47,318,90,72,18
17,0,3,36,312,85,68,18
7,6,0,36,314,86,75,10
11,2,5,22,37,28,32,17
12,5,5,19,49,35,43,12
9,7,3,17,33,23,29,12
5,3,0,39,221,86,89,11
12,0,4,51,423,108,95,13
12,0,1,43,315,90,71,18
4,8,0,36,314,85,74,10
14,1,2,40,314,80,72,11
13,4,5,17,38,29,31,13
11,7,4,21,50,32,44,12
8,5,3,21,34,26,29,10
18,0,3,45,219,85,84,17
15,0,7,47,424,114,92,21
8,6,2,38,320,87,78,8
11,5,0,45,312,83,70,11
11,0,0,48,313,84,69,16
9,8,1,17,39,27,34,13
10,5,0,24,49,33,44,12
15,4,5,22,33,26,26,13
12,0,3,40,220,88,88,17
8,12,0,45,424,108,100,10
13,4,0,49,318,86,71,11
15,0,1,43,313,85,70,20
9,7,5,35,314,87,72,13
11,5,3,21,37,26,34,11
12,4,3,24,49,36,45,18
7,5,5,20,32,26,29,14
10,8,5,40,220,82,89,13
15,0,0,50,422,107,97,13
15,0,4,45,316,93,69,13
6,7,8,40,311,86,74,18
9,6,0,39,317,81,73,14
10,4,4,20,37,29,34,18
6,5,3,22,52,35,47,15
11,8,4,18,34,23,28,9
15,0,0,39,216,84,86,15
14,1,1,47,414,113,89,19
5,8,6,40,315,83,77,16
9,4,0,39,313,82,72,12
19,1,0,46,312,86,67,12
8,6,4,18,39,28,35,13
8,5,0,19,51,32,45,11
12,5,0,17,32,26,24,13
12,2,4,42,211,84,82,17
7,2,6,43,410,101,97,18
13,9,0,40,307,82,72,9
12,2,0,41,301,87,70,11
8,0,1,40,303,79,68,18
11,6,5,17,40,25,36,14
14,4,0,22,50,37,38,12
11,4,7,21,32,25,26,12
6,1,1,34,209,76,83,17
13,9,0,40,406,100,93,13
16,6,0,40,297,88,75,14
11,0,0,38,293,81,64,14
9,3,3,33,297,79,67,17
10,7,4,16,38,25,35,13
7,5,0,21,51,34,44,12
9,3,1,20,32,25,24,9
14,1,1,34,207,77,81,15
10,6,3,40,399,96,95,23
10,8,0,39,296,81,69,15
5,1,0,38,289,81,65,10
6,0,6,42,292,76,67,15
8,6,0,19,39,28,34,14
14,4,1,22,48,33,38,10
13,3,6,17,32,24,26,14
6,2,3,33,206,73,85,17
10,9,1,38,397,97,91,13
10,0,0,40,283,85,68,15
8,0,0,35,282,75,65,13
5,4,3,35,285,76,68,16
14,6,3,20,38,26,31,15
10,2,3,19,50,32,42,17
8,4,4,15,34,23,31,13
11,8,0,29,203,77,84,13
10,2,0,42,389,99,91,16
11,0,2,30,273,74,67,17
6,6,0,30,266,74,67,16
12,3,0,33,266,77,66,13
7,3,1,18,39,25,34,17
8,8,1,16,52,31,44,14
12,7,2,16,31,26,27,12
12,0,0,34,203,75,81,16
10,4,3,35,391,91,89,14
2,6,0,31,260,74,70,16
8,4,0,33,251,78,68,11
14,0,0,31,258,79,67,12
9,4,3,16,37,25,34,14
9,6,1,19,49,33,42,14
12,6,4,18,31,23,25,9
8,2,0,30,206,73,80,14
12,3,4,31,386,90,90,20
11,4,0,34,252,75,72,14
15,4,0,33,252,75,66,11
13,3,2,25,257,69,64,17
10,5,0,17,34,26,34,13
14,3,0,21,48,34,40,12
9,4,4,13,33,24,25,12
8,1,0,28,203,70,82,15
9,6,0,37,382,96,96,8
12,5,1,36,242,79,70,8
9,1,2,27,241,71,60,16
7,0,2,33,239,68,65,18
13,4,2,19,36,29,34,12
10,3,1,20,48,30,39,14
8,5,4,15,31,22,26,13
5,1,1,32,203,75,86,15
16,3,0,36,377,95,94,7
13,3,3,25,236,75,70,14
4,0,3,28,229,69,65,18
10,4,0,36,228,69,64,12
11,5,1,17,33,27,32,12
7,3,3,16,50,31,42,14
8,5,2,18,34,22,28,12
15,2,0,27,204,71,85,10
13,0,2,29,375,92,94,15
6,4,3,31,219,68,62,13
11,2,0,32,218,64,63,15
12,4,0,28,216,63,70,12
11,3,5,15,37,26,32,15
8,5,3,16,50,29,43,14
9,5,4,17,33,24,29,11
13,3,0,24,202,72,85,11
13,5,4,27,371,91,89,14
3,0,1,30,212,69,64,19
7,5,0,29,201,62,65,11
10,4,0,27,206,67,67,14
10,5,2,19,38,26,32,12
8,6,2,16,52,29,43,14
10,5,1,17,32,23,28,8
13,2,0,25,201,74,83,14
12,0,3,26,369,90,86,15
11,0,0,27,199,64,66,15
9,5,0,29,197,65,71,11
7,4,3,22,198,65,65,10
9,6,0,17,35,24,33,12
9,6,0,16,48,29,44,9
9,2,3,11,34,25,25,12
13,4,4,21,202,73,79,14
7,3,0,34,363,86,94,12
6,8,0,28,192,67,66,8
16,3,6,19,190,68,56,11
10,0,3,25,199,68,62,11
8,4,2,15,35,25,35,13
9,4,4,15,49,33,39,11
11,4,2,14,33,22,25,13
6,4,0,28,201,68,85,12
10,6,2,27,356,84,89,12
12,2,4,22,190,66,56,11
4,0,0,25,190,64,54,18
9,6,0,28,189,63,55,12
11,2,4,11,38,26,31,13
12,5,0,19,47,29,42,12
9,7,3,15,31,23,30,10
14,0,6,19,195,62,78,10
9,0,3,24,344,84,88,14
10,4,0,21,124,54,54,11
8,5,2,21,140,51,55,8
13,1,2,21,142,56,53,11
7,5,0,14,36,26,34,13
10,5,0,14,45,28,43,12
12,5,3,13,31,24,25,9
11,0,0,18,193,64,78,16
11,5,0,19,334,73,86,13
11,4,2,22,123,52,56,8
11,2,2,15,126,54,51,11
12,1,4,13,131,55,46,15
11,7,2,13,34,23,33,11
10,2,5,14,46,31,41,11
11,5,3,9,31,23,23,12
7,4,0,16,191,60,77,13
12,7,0,23,320,75,85,7
12,2,3,15,112,52,54,11
12,3,1,13,116,51,42,12
12,5,0,16,121,49,48,7
10,3,4,15,34,25,34,12
11,4,1,10,48,30,41,14
10,6,3,12,33,24,26,10
8,4,0,15,187,58,81,10
11,0,6,18,312,73,85,13
11,1,1,16,113,54,53,13
6,7,0,13,113,46,48,7
9,2,1,18,115,45,50,9
11,2,5,11,34,24,33,14
8,9,0,15,48,28,42,8
9,7,2,13,32,18,27,10
13,0,1,16,182,58,76,13
12,4,0,14,300,68,81,16
11,6,0,14,108,45,52,8
9,0,3,14,102,40,48,8
12,0,1,18,99,44,45,13
8,7,0,13,37,22,34,8
11,2,2,14,47,26,42,11
12,6,7,11,29,23,24,13
13,6,0,11,179,54,72,13
7,6,0,19,297,64,84,9
13,0,2,16,105,43,52,14
13,2,2,14,90,45,39,12
8,8,1,13,91,39,43,7
11,2,5,13,36,21,34,12
11,1,3,14,44,29,40,15
8,7,2,11,30,22,25,8
8,4,0,15,179,53,75,12
13,0,0,17,299,61,82,17
11,2,4,18,103,43,49,12
9,4,2,13,88,39,42,10
6,7,0,11,86,37,47,9
14,1,2,14,33,22,32,15
11,6,3,14,45,28,39,9
9,6,3,9,31,18,26,10
7,1,0,17,177,52,73,12
15,0,3,26,302,61,74,18
8,3,0,17,104,45,50,9
9,9,0,12,90,35,46,5
13,2,0,17,93,36,41,13
9,5,3,13,36,24,32,12
6,5,0,11,46,29,41,9
9,5,3,13,30,20,24,9
12,0,1,19,177,57,65,19
7,6,3,15,303,64,78,9
9,6,2,17,106,44,52,9
11,0,0,19,93,36,40,13
9,1,2,16,90,46,40,9
7,5,4,12,35,25,33,10
11,5,2,14,47,27,43,10
8,3,0,12,31,19,27,10
5,3,0,19,176,55,65,11
9,1,4,21,301,63,79,16
9,5,4,14,106,42,48,7
8,4,0,17,93,36,44,4
9,0,0,20,90,44,42,7
10,2,0,15,34,22,32,16
7,3,5,13,47,27,41,11
5,7,5,11,32,19,28,8
6,3,0,18,179,52,70,10
10,2,0,22,302,64,74,10
6,2,0,17,104,44,51,13
6,6,7,19,95,38,44,7
9,2,4,16,96,35,43,8
7,7,3,14,36,23,34,9
6,4,1,11,48,24,43,10
12,4,3,13,32,21,22,10
9,0,0,20,178,52,69,14
7,2,1,23,307,64,79,12
4,6,5,20,108,40,53,6
6,4,0,15,100,41,43,6
14,2,0,19,95,42,39,13
8,6,6,10,37,21,33,9
5,6,0,13,48,24,40,12
9,4,1,15,32,23,23,12
7,1,2,20,178,51,73,14
5,3,3,19,307,59,83,8
10,4,0,16,109,43,50,8
11,0,0,17,97,41,41,14
6,3,1,19,97,37,42,10
8,5,1,10,39,24,32,11
11,5,0,17,47,28,39,14
8,4,3,14,31,22,27,14
6,1,1,19,180,48,72,12
9,9,1,21,314,65,81,7
7,4,0,20,107,47,50,9
6,1,0,20,99,38,42,11
6,0,1,10,104,38,47,9
10,5,1,15,34,25,30,11
5,3,0,15,46,26,43,15
8,6,5,13,34,19,25,11
8,4,1,17,181,55,70,10
9,2,0,24,311,65,76,11
9,2,0,20,110,43,49,11
3,0,0,17,103,39,48,9
7,7,0,18,103,42,42,5
6,2,2,13,35,22,36,14
8,4,3,15,47,24,42,10
9,4,3,12,32,24,25,8
9,2,2,22,180,55,68,12
11,2,3,23,313,60,78,14
5,0,0,21,112,42,52,9
8,2,0,18,99,44,42,6
12,6,0,23,102,45,41,11
7,6,0,9,36,21,34,11
7,6,1,14,48,29,40,8
10,7,5,13,30,21,23,11
4,0,0,19,183,53,70,14
3,0,2,18,316,60,83,11
6,7,0,19,108,47,52,7
7,4,0,18,103,40,43,11
10,1,2,19,106,37,43,11
10,5,7,10,38,21,34,14
4,3,0,14,48,29,43,10
7,5,0,13,31,21,26,9
13,5,0,22,181,54,70,14
9,0,0,21,319,62,78,16
8,0,2,17,109,44,52,8
6,6,0,19,105,44,42,7
8,2,0,19,107,38,40,13
6,6,2,10,36,21,34,10
9,5,3,15,45,31,39,8
9,5,2,13,33,21,25,12
10,1,3,18,183,47,70,13
3,4,3,18,317,65,82,8
6,3,2,19,109,48,51,9
11,1,0,18,107,40,43,14
11,0,5,13,110,38,46,11
7,6,0,15,36,26,34,11
11,6,4,17,47,26,38,14
10,5,7,10,34,19,27,10
6,6,3,18,183,54,73,11
7,7,0,24,315,63,79,12
9,1,0,18,112,45,50,11
9,0,1,16,104,37,45,10
6,6,1,24,103,40,46,11
12,2,2,14,37,20,31,15
7,5,6,11,48,27,42,10
7,7,3,15,31,21,27,9
8,6,0,20,183,53,69,14
6,2,4,17,318,59,73,10
8,4,1,16,110,41,52,8
7,6,0,24,102,42,47,9
9,4,0,18,103,44,41,6
12,6,2,13,36,23,30,14
11,7,4,10,49,28,41,13
8,3,3,14,30,22,30,10
6,6,0,22,180,56,67,9
9,3,0,19,320,65,73,15
8,0,0,16,111,42,50,12
6,4,0,21,99,37,45,11
6,6,0,19,106,42,44,8
10,3,3,11,39,21,33,13
7,4,1,14,45,27,44,10
9,7,1,15,31,22,26,9
8,3,0,19,183,55,67,10
10,0,5,18,317,62,75,16
11,3,0,21,110,43,51,10
7,9,0,17,104,42,45,8
5,4,0,13,108,43,45,13
8,6,4,14,33,20,33,10
9,4,0,17,48,27,41,10
11,6,4,9,35,22,26,9
10,1,2,19,183,52,68,12
11,6,1,27,317,61,77,10
11,7,1,21,109,44,51,11
10,5,2,17,107,45,43,7
11,0,5,15,109,43,42,11
9,6,0,15,36,23,33,10
9,6,1,12,46,29,38,11
8,3,5,12,34,22,24,11
9,4,1,20,183,50,65,12
9,5,0,26,312,61,78,7
7,4,4,15,111,47,51,10
14,0,0,15,104,41,40,15
9,5,0,23,106,40,46,8
10,3,3,11,36,25,31,12
8,1,5,14,48,26,40,12
10,2,2,15,30,19,27,11
6,8,0,19,180,55,71,8
8,1,2,15,315,67,77,13
14,0,0,19,111,44,50,14
8,2,0,23,103,39,44,11
8,4,0,17,105,43,46,8
11,3,2,12,37,21,34,14
8,6,0,16,45,27,41,10
8,5,3,11,31,23,24,10
9,3,4,16,182,55,71,11
12,0,0,20,316,63,73,13
8,6,0,21,113,44,52,9
6,5,6,20,104,44,46,7
14,3,2,13,105,44,41,13
11,3,4,10,38,22,30,12
8,4,0,15,48,23,44,12
7,7,2,16,30,23,25,9
9,4,2,16,181,59,72,10
14,0,3,20,318,66,73,16
10,3,0,19,112,46,50,11
3,8,2,23,107,44,47,6
10,2,3,14,109,40,46,13
12,6,0,14,36,22,31,12
8,7,1,16,47,27,44,10
10,2,9,12,31,20,25,13
10,2,2,16,183,58,67,16
8,5,0,25,320,68,78,8
8,5,0,20,111,44,50,9
9,0,6,16,107,42,40,16
12,4,3,13,113,41,44,11
9,7,4,16,32,21,30,10
10,3,5,12,45,27,37,13
10,4,3,13,34,23,24,12
9,7,0,20,185,51,65,11
6,0,2,22,318,65,73,10
9,0,2,16,112,50,49,13
11,7,0,15,109,41,38,9
7,7,0,21,111,43,44,4
12,3,7,14,37,24,28,15
9,5,0,18,49,26,40,12
8,7,1,15,31,20,27,10
9,0,5,20,185,54,67,14
10,0,0,16,320,67,72,14
9,9,0,17,112,45,48,8
6,3,0,21,108,37,44,9
12,1,2,25,110,43,44,13
11,7,3,15,36,23,32,10
9,9,0,15,48,27,41,14
11,2,4,13,31,23,22,11
11,3,5,18,184,55,68,6
11,2,2,24,320,64,74,12
8,0,1,20,113,47,47,14
10,3,0,13,109,42,41,11
14,3,1,16,112,40,47,5
10,1,4,14,35,23,32,13
12,4,5,14,49,29,39,13
10,7,0,11,32,20,26,7
5,5,0,23,181,53,70,10
14,0,6,25,318,65,69,18
10,3,2,17,112,45,48,10
4,10,2,17,114,36,49,6
8,3,0,22,110,41,47,7
12,6,2,10,39,23,29,13
7,7,0,12,50,27,43,6
10,3,1,15,31,20,24,11
11,1,1,20,180,58,63,12
10,8,7,23,321,67,70,11
9,4,0,18,115,45,49,9
12,4,0,19,112,40,39,7
11,1,2,20,112,44,40,13
8,6,0,14,36,22,32,10
11,2,1,17,47,26,40,10
11,5,7,14,30,21,23,11
9,1,1,17,183,58,67,12
6,9,0,19,322,66,76,4
12,4,0,22,111,44,48,11
10,0,0,19,111,44,40,16
7,6,7,16,113,45,44,8
14,5,5,17,35,24,28,15
11,3,5,16,47,30,39,13
7,7,3,11,32,20,26,8
10,5,0,18,184,55,68,9
11,0,0,25,321,65,67,12
8,1,2,20,113,48,46,13
4,4,0,19,115,40,46,11
12,1,0,24,116,42,43,6
7,8,5,11,36,23,32,10
8,9,0,13,50,28,42,10
10,3,1,13,30,20,23,12
13,0,4,22,182,57,67,10
6,3,3,20,322,66,78,11
8,6,2,19,113,45,45,11
13,4,0,20,112,43,44,10
14,0,0,17,114,46,42,6
9,1,3,11,33,23,28,11
6,9,3,12,48,26,41,8
7,6,1,11,32,19,25,9
14,4,0,24,183,56,64,7
11,0,2,25,323,68,70,15
9,2,3,15,115,45,47,10
10,9,0,21,115,39,46,5
8,4,0,21,117,46,45,6
8,7,6,9,34,22,33,11
9,6,0,13,48,26,38,8
12,2,1,18,30,22,23,8
9,0,0,18,183,59,63,10
7,5,5,23,321,63,73,12
7,5,0,19,116,46,51,11
12,3,0,20,113,46,40,8
13,0,2,22,115,41,42,7
9,8,3,13,37,20,33,8
12,4,1,16,49,28,39,7
10,2,4,13,31,21,24,9
8,1,2,18,186,52,66,11
6,8,3,22,325,69,76,9
11,4,0,24,115,46,48,8
11,0,2,20,113,46,42,9
5,0,10,19,119,41,44,12
12,5,3,12,33,25,28,11
11,1,3,15,47,25,38,10
10,6,5,10,33,20,28,9
6,8,0,18,185,57,66,5
15,3,0,27,322,70,70,8
9,2,2,21,116,45,50,13
6,5,7,16,120,42,43,11
11,8,1,19,118,47,43,8
10,6,2,12,35,24,29,7
10,0,5,17,46,28,38,7
11,4,4,13,33,17,27,9
11,9,0,17,187,54,69,11
6,5,0,25,324,68,72,8
11,2,3,19,115,47,46,8
7,2,2,17,124,41,46,9
7,4,2,18,119,42,49,8
12,5,4,17,34,25,29,9
7,2,0,15,49,25,38,12
8,7,4,12,34,19,25,8
10,6,1,21,183,60,63,8
9,0,0,24,326,68,66,7
12,1,3,17,119,44,46,10
3,6,0,17,121,43,49,9
8,3,0,20,119,45,48,3
9,2,6,13,37,20,30,10
7,4,2,15,48,28,43,12
9,5,0,15,31,23,25,8
13,3,0,22,184,58,65,8
7,2,1,24,329,67,71,14
7,2,2,19,115,42,46,9
10,4,0,21,117,46,46,8
12,2,0,21,123,45,44,9
7,6,0,13,34,21,33,11
14,4,1,17,43,31,39,7
11,2,2,14,33,23,24,11
9,2,1,20,188,52,64,10
4,10,0,23,327,64,75,9
8,5,0,24,115,50,50,10
14,3,0,21,122,43,44,11
10,0,5,17,125,43,43,12
12,5,1,16,37,24,33,10
12,0,5,17,47,27,38,8
8,6,3,13,32,19,23,8
6,10,1,24,184,54,65,13
13,4,0,28,325,65,73,12
9,0,0,22,116,47,50,7
6,2,2,21,122,43,43,7
6,3,1,23,124,41,44,9
13,4,1,12,36,24,30,7
9,3,4,13,50,26,38,9
9,7,3,12,32,19,25,10
6,3,0,24,184,57,70,7
12,5,0,25,323,71,71,6
12,2,1,18,117,47,45,12
6,4,1,20,117,38,45,10
4,6,0,22,119,40,50,8
11,5,2,12,37,21,31,12
7,2,2,15,47,25,37,10
9,7,0,17,30,21,26,6
13,2,0,24,185,59,66,10
11,0,0,22,323,69,68,9
8,2,2,21,118,45,47,10
7,8,0,23,120,42,48,10
8,5,0,16,117,43,43,5
10,7,4,13,36,23,31,10
11,3,1,17,47,28,43,12
9,5,2,12,30,21,25,9
8,1,0,18,186,59,62,12
4,1,1,24,329,64,70,13
8,4,0,21,113,44,46,11
11,3,0,21,116,46,39,7
11,0,5,16,121,45,40,11
10,7,1,15,33,21,33,9
14,3,3,12,47,31,37,10
9,2,5,11,35,22,25,10
4,1,0,20,186,55,64,13
8,8,0,25,325,67,69,5
11,0,1,16,114,46,45,8
12,2,2,20,117,45,40,12
9,5,0,22,119,41,41,12
13,4,2,11,38,22,30,9
8,2,5,15,47,28,41,13
6,5,1,16,32,21,26,9
11,5,0,17,185,54,62,9
10,2,3,20,327,71,71,9
8,0,2,18,116,47,44,14
10,4,0,22,116,40,42,8
7,5,2,24,117,44,49,9
5,4,2,14,38,25,32,14
9,5,0,17,46,26,38,11
12,5,3,14,31,21,27,7
10,0,4,14,184,56,64,13
15,0,0,23,326,64,67,11
8,5,0,23,117,47,48,9
10,5,2,17,111,40,40,6
13,2,6,16,114,46,40,15
10,4,1,17,35,21,32,9
9,4,5,13,48,27,42,9
11,5,5,11,31,22,24,10
8,0,0,19,188,59,64,15
14,7,0,21,328,65,72,7
8,1,1,23,114,44,48,10
13,0,3,17,113,44,37,13
10,1,2,15,117,45,43,12
10,6,3,14,32,22,32,9
12,1,5,15,46,29,36,13
12,4,1,11,33,21,23,12
8,3,0,20,188,54,67,12
12,1,2,28,327,66,72,8
10,0,4,18,115,50,46,14
10,3,0,18,116,46,37,11
10,6,0,21,120,40,42,7
11,4,3,10,34,25,32,11
8,5,1,15,47,26,37,11
10,7,2,16,32,20,25,7
9,3,4,22,185,60,68,10
13,2,4,21,325,68,71,12
9,4,0,18,117,44,45,10
7,4,1,26,117,43,44,4
7,0,3,23,115,42,47,8
8,8,0,15,36,20,31,9
9,3,5,18,48,27,40,8
12,3,6,13,32,24,23,13
12,2,0,15,186,56,63,13
11,7,0,23,329,64,69,10
8,0,0,19,116,46,48,8
13,0,1,19,114,45,40,11
9,9,3,19,118,48,39,6
10,3,5,17,37,23,33,9
9,2,3,16,46,29,41,11
9,8,5,11,31,21,24,9
7,8,0,18,188,57,65,8
8,0,0,23,328,64,74,12
10,0,6,21,116,47,48,13
8,2,0,19,119,47,39,9
4,5,0,18,118,43,49,5
12,3,6,17,33,25,30,13
11,6,3,14,47,28,37,12
10,7,1,12,33,22,23,7
7,0,1,21,186,54,67,13
11,0,2,27,328,66,67,16
9,5,1,21,119,50,45,9
5,3,0,17,117,42,43,7
10,2,0,21,116,42,44,10
11,8,3,14,35,24,29,9
5,8,0,15,47,26,41,8
10,3,2,15,31,20,26,11
13,2,5,23,187,58,59,12
10,1,3,23,327,69,67,10
8,3,0,20,118,43,49,5
11,0,1,27,121,42,41,14
7,0,0,21,116,48,41,12
8,2,1,14,35,20,34,11
7,1,5,17,48,26,38,14
10,4,7,14,32,23,24,11
3,7,2,20,185,57,68,5
7,6,0,24,331,66,74,10
11,0,0,23,115,46,44,15
11,3,4,20,116,43,41,8
3,4,5,17,119,42,48,8
12,2,3,16,37,22,34,13
7,1,4,18,45,30,39,12
12,8,5,12,31,23,27,10
6,4,0,19,189,58,67,8
4,3,0,27,327,63,68,8
9,0,0,20,115,49,43,15
7,0,2,16,115,45,46,12
8,10,4,18,118,43,46,1
11,4,4,16,34,21,29,13
8,3,6,16,49,30,40,13
10,8,5,13,32,19,29,7
12,4,0,22,187,56,62,8
9,0,0,24,326,67,66,19
9,1,4,20,116,47,46,9
7,6,4,20,116,37,46,4
10,0,0,17,119,42,41,10
8,2,3,15,33,24,33,13
8,6,6,14,48,27,39,8
10,8,3,16,32,19,25,7
11,0,0,24,184,60,63,9
10,2,3,23,324,70,70,13
5,4,1,19,116,45,48,12
11,8,0,21,115,42,43,5
11,5,3,23,114,50,44,9
10,4,5,15,35,22,34,11
7,6,1,17,49,26,40,7
10,7,5,15,32,20,25,10
10,0,0,19,187,59,61,17
12,1,1,27,327,68,71,11
6,5,2,21,119,42,51,9
12,5,0,19,118,46,39,5
13,3,0,25,115,46,38,12
8,8,4,13,37,20,32,10
9,3,1,13,50,28,37,11
13,4,3,18,30,23,23,10
3,2,1,21,185,57,66,14
8,3,1,23,330,67,71,7
12,6,0,22,117,51,45,9
7,0,0,22,116,47,41,13
8,1,1,22,120,38,43,11
12,3,2,15,34,23,30,13
7,3,3,18,45,26,39,11
6,5,3,13,32,19,26,6
9,6,0,20,187,59,62,7
10,3,0,28,325,70,66,8
10,0,0,24,117,46,44,14
5,0,3,17,120,41,49,12
5,5,3,23,122,42,44,2
9,2,2,16,36,24,30,11
8,2,4,14,49,25,43,12
8,6,3,14,32,23,26,6
11,8,0,24,182,60,58,10
8,0,0,26,327,67,69,15
9,0,6,19,120,44,44,9
8,3,4,17,121,48,41,5
10,3,0,26,120,43,41,8
6,2,2,16,36,20,33,9
9,5,2,13,48,26,36,13
10,7,1,16,30,24,27,9
12,3,1,22,184,57,60,6
13,1,4,23,330,66,71,11
5,3,1,20,118,46,46,11
9,5,0,24,116,42,44,6
12,2,0,23,122,41,44,7
9,4,2,18,36,21,32,13
6,3,4,16,48,25,38,6
9,7,4,13,30,24,24,7
14,2,0,24,185,56,58,13
14,0,1,26,330,64,67,11
7,4,1,21,119,47,50,11
5,9,0,23,118,43,43,7
8,2,0,24,121,47,41,8
7,3,5,12,35,23,33,8
10,8,0,16,44,29,39,7
11,7,4,16,31,20,23,9
9,4,0,22,186,57,63,12
11,2,4,22,328,63,68,8
8,5,0,23,115,49,44,8
7,4,0,21,121,46,39,12
12,4,4,16,123,38,41,12
12,6,1,16,35,23,31,7
9,5,2,16,52,27,39,6
8,4,5,13,33,22,23,12
8,6,0,23,184,56,63,9
9,5,0,28,328,68,74,5
12,1,3,22,120,45,46,9
13,2,3,20,124,40,39,10
3,3,1,23,118,44,43,8
9,7,2,16,34,24,30,8
11,3,3,17,48,24,35,7
7,3,4,12,33,20,26,7
8,5,3,24,183,58,67,4
10,7,1,27,329,68,67,11
9,0,3,21,121,47,45,10
8,0,3,18,125,38,44,5
4,5,3,26,124,44,44,5
10,2,4,13,36,22,28,7
9,2,6,12,47,25,39,8
9,6,4,12,29,23,25,9
7,5,0,22,186,59,61,9
9,4,1,17,331,67,62,7
12,0,2,16,120,43,45,10
6,4,0,24,120,43,44,3
9,6,2,20,120,48,44,7
10,6,3,12,35,21,30,9
8,4,3,18,46,26,41,6
7,6,4,16,30,25,25,6
12,4,0,19,187,59,58,10
10,0,3,20,332,67,69,9
9,3,2,21,117,46,49,8
8,10,0,20,121,46,43,6
10,5,0,14,123,45,42,6
10,5,2,13,34,21,31,9
12,2,1,13,48,27,38,7
8,3,6,13,34,21,25,7
9,3,1,20,184,55,62,8
15,0,0,27,330,68,69,12
11,1,1,17,121,46,47,7
6,0,0,20,122,44,43,7
7,4,1,19,122,45,42,9
10,6,2,16,35,21,29,11
10,5,3,14,45,28,38,6
9,5,5,13,31,21,24,10
11,3,1,21,185,55,57,7
13,3,0,28,329,63,63,10
9,4,3,18,119,49,48,7
5,2,0,16,123,46,38,8
7,7,0,26,121,43,39,6
8,4,4,13,35,22,30,7
6,5,1,16,46,26,33,6
11,6,3,12,31,18,24,11
13,6,0,21,186,55,62,4
11,1,2,21,329,67,64,10
11,2,0,20,117,44,42,9
9,6,3,21,120,43,41,7
13,3,3,18,124,45,41,6
11,4,4,12,35,21,27,8
10,3,3,15,46,27,37,7
8,6,5,13,34,21,24,8
12,2,2,22,184,55,55,8
12,4,7,22,328,64,65,8
11,2,0,18,117,48,44,8
7,4,3,22,124,43,38,9
11,1,6,21,124,42,39,8
9,5,3,15,36,23,32,8
8,4,0,16,46,27,33,7
9,7,3,14,32,19,24,9
9,1,0,18,185,54,60,4
10,3,1,22,329,67,62,8
7,5,0,21,119,46,40,8
8,4,0,20,122,45,43,3
9,1,3,18,125,47,40,7
8,5,3,14,36,22,30,14
10,4,3,17,45,26,36,9
12,3,3,11,31,20,25,8
7,1,0,21,187,55,59,13
9,6,0,26,330,65,63,9
10,2,3,24,120,45,42,8
13,2,1,20,124,44,42,10
8,6,0,17,123,43,42,11
8,5,2,11,33,22,29,9
6,5,3,15,47,24,34,7
11,4,4,13,31,19,25,7
9,2,0,18,186,56,61,8
10,1,3,25,331,70,60,4
8,2,0,21,118,43,45,7
13,1,7,21,121,42,40,6
6,2,0,21,126,46,38,4
11,4,3,13,35,20,29,7
10,3,1,14,45,25,36,10
10,7,2,15,33,23,22,8
7,3,0,21,188,51,62,8
13,2,1,23,329,62,63,11
11,5,1,20,117,48,42,8
9,1,0,21,126,41,40,6
10,4,4,22,126,42,43,5
11,7,5,15,35,24,28,9
11,6,1,15,46,26,39,11
11,7,2,15,31,19,23,9
8,2,0,21,187,55,57,7
12,4,0,27,331,63,65,10
10,8,3,21,119,43,46,8
8,4,0,18,123,41,37,9
10,4,0,18,127,43,43,5
13,2,1,14,33,22,27,7
9,4,1,15,44,27,33,5
8,6,4,14,32,22,24,5
10,0,0,22,187,55,57,6
11,0,1,25,330,63,59,10
9,3,0,18,118,50,41,3
7,1,0,21,127,41,36,7
8,0,4,23,123,46,38,9
9,5,5,14,33,22,29,8
8,4,1,13,47,27,36,8
10,4,7,13,32,18,26,9
11,1,0,22,185,56,59,6
10,4,4,24,332,65,66,5
10,1,0,22,119,46,48,4
12,1,0,19,123,42,43,3
10,4,4,21,123,46,43,7
8,7,3,16,35,24,26,8
6,3,2,15,43,27,33,8
7,6,2,13,33,20,24,6
7,5,0,26,188,55,53,10
2,4,2,21,329,64,62,7
8,6,0,19,120,45,42,5
10,2,0,20,125,43,37,10
3,1,0,23,124,42,38,9
10,4,2,13,33,21,30,7
13,3,2,17,46,26,34,8
11,4,6,13,32,21,24,8
11,5,2,19,188,54,60,2
16,1,0,25,332,68,64,8
11,0,0,23,118,46,41,7
9,4,3,18,125,45,43,0
9,1,0,21,127,43,43,5
11,4,6,14,35,21,28,9
11,6,2,15,47,24,34,5
10,6,3,14,32,21,23,8
10,0,2,22,186,55,57,7
12,2,1,23,330,62,63,2
11,0,0,22,119,45,45,4
8,1,0,24,125,45,39,4
9,6,2,22,124,38,45,9
10,7,4,14,36,23,28,8
10,2,0,16,47,27,33,10
8,5,7,13,33,23,23,9
7,4,3,18,189,55,60,8
12,0,0,25,331,65,58,8
7,2,0,24,120,45,43,8
6,3,1,19,129,45,40,5
12,5,0,20,129,44,37,5
12,5,2,13,33,24,29,7
9,7,3,16,44,27,38,6
12,5,4,13,33,22,23,6
10,4,0,24,185,58,59,7
7,0,0,25,330,69,62,9
10,2,0,22,119,48,41,5
10,4,3,19,125,46,43,6
6,1,0,18,124,47,38,9
9,4,0,11,36,21,29,9
10,6,3,16,46,27,35,7
10,5,4,12,33,22,24,6
12,2,0,20,188,54,57,1
13,0,0,23,332,66,68,7
8,0,2,19,121,45,45,5
14,8,1,18,129,41,41,4
12,3,3,19,129,44,44,8
8,5,3,10,33,24,28,9
10,6,1,13,44,29,34,8
10,4,2,13,33,24,24,9
6,0,0,19,186,58,59,10
11,7,1,17,332,67,61,6
10,3,5,17,118,50,42,6
8,0,0,21,128,42,39,7
8,0,0,14,128,46,43,6
10,4,4,14,35,21,31,10
11,3,3,14,45,27,38,9
10,8,2,12,32,22,23,8
8,1,0,20,187,56,59,8
7,0,4,23,332,65,63,7
10,7,0,18,119,48,43,8
8,1,0,22,126,42,41,6
8,3,3,17,128,45,37,8
9,7,3,12,36,23,28,7
11,6,0,16,45,26,37,7
10,4,4,14,33,19,25,8
8,4,0,18,190,54,61,9
8,2,0,23,333,65,68,5
13,5,0,19,120,47,45,6
10,6,0,17,132,39,42,7
8,0,1,19,129,39,42,6
11,5,3,12,34,23,27,10
9,7,0,13,45,29,35,10
8,4,2,14,31,23,24,9
9,4,4,16,186,59,55,6
13,6,0,20,333,67,66,8
11,2,1,20,119,44,43,10
9,4,6,16,127,46,43,3
7,4,0,19,130,46,42,4
12,6,2,15,37,21,30,8
11,6,0,13,47,24,34,7
10,3,3,13,33,21,26,6
8,0,2,19,187,54,58,6
11,6,0,24,335,63,62,8
10,1,0,18,121,47,43,8
5,0,2,19,129,44,38,8
7,2,0,18,133,47,39,4
10,4,2,10,35,24,31,8
7,4,2,15,45,28,35,8
10,5,5,14,33,20,26,5
13,4,0,16,189,57,60,7
10,4,1,22,332,61,62,13
9,0,0,19,120,44,45,8
8,3,1,15,130,42,40,5
10,7,0,16,130,41,40,4
11,4,4,14,33,21,26,8
8,3,4,14,45,30,34,9
10,8,3,16,30,24,25,8
11,5,1,19,189,60,60,9
11,0,3,26,330,64,62,7
8,4,2,18,118,45,45,8
8,3,1,19,128,48,42,10
11,2,4,20,128,45,41,4
11,5,2,14,34,20,30,7
10,5,0,15,47,25,35,8
9,6,0,13,33,22,24,7
10,3,0,20,188,54,58,2
7,1,0,24,332,68,64,10
9,3,0,20,120,48,43,4
11,1,0,19,129,46,39,4
8,0,0,17,129,42,41,8
9,4,2,13,36,21,31,11
10,6,0,13,46,25,32,5
10,5,6,10,33,20,24,8
10,2,0,19,188,54,61,6
7,4,0,19,330,68,63,7
11,5,0,15,123,47,44,5
10,5,1,16,129,43,44,6
3,1,0,21,131,47,43,7
8,4,2,15,34,24,28,9
10,3,0,16,46,29,35,8
10,6,4,12,31,21,24,8
12,0,0,23,187,58,60,8
9,4,0,24,332,66,67,7
8,1,0,19,120,47,45,7
9,0,1,19,129,44,41,2
11,0,1,22,128,43,40,9
10,8,2,9,35,22,29,6
11,2,0,15,46,28,36,10
10,8,4,11,33,22,25,7
7,5,0,20,189,58,62,4
8,4,0,22,332,69,63,4
11,3,0,18,120,46,43,9
7,9,0,21,129,46,47,2
8,2,0,17,131,49,40,6
13,8,4,13,36,22,29,8
11,3,2,13,46,26,34,7
8,6,3,12,34,19,25,6
9,3,0,18,187,57,59,6
9,6,5,21,331,66,67,10
11,2,1,18,121,46,43,9
7,8,0,18,129,44,38,5
8,4,7,22,130,45,44,7
8,6,1,16,35,23,30,8
8,6,0,14,46,24,36,9
11,5,6,13,31,24,25,4
8,4,2,18,187,61,58,6
8,5,0,24,332,64,63,10
10,6,0,25,121,46,44,6
11,5,2,21,127,46,43,1
9,0,3,15,130,42,42,8
9,8,2,18,34,22,29,9
9,5,4,15,44,29,37,8
10,4,3,13,33,21,24,9
8,2,0,27,190,57,58,9
7,7,0,27,331,69,65,3
7,3,4,21,120,47,46,7
12,0,0,19,129,44,37,11
8,3,0,22,134,46,40,13
12,6,4,13,32,24,28,6
10,2,2,16,47,26,37,9
9,7,0,16,34,21,23,7
5,6,1,23,189,62,63,3
11,1,4,23,330,67,65,4
10,4,0,22,120,48,42,9
8,8,0,26,135,48,40,2
6,3,0,26,135,42,48,4
11,4,0,15,34,23,29,8
8,5,1,13,45,28,35,11
8,6,4,14,33,22,22,8
9,0,0,25,189,56,62,3
10,0,7,28,330,68,65,6
5,7,1,21,122,51,41,12
7,0,0,19,134,43,40,5
14,3,1,24,136,41,46,6
9,2,5,12,33,23,28,8
8,6,3,15,45,27,36,7
9,6,0,16,33,21,26,5
6,1,1,24,188,58,63,6
11,0,4,26,332,70,61,13
9,5,4,20,123,49,44,7
4,4,0,19,136,40,47,4
8,2,1,30,134,45,45,7
9,5,2,12,33,21,27,10
8,7,0,16,47,24,35,4
8,2,1,16,32,19,25,7
10,0,3,29,186,60,59,7
9,6,2,24,334,67,60,6
7,7,0,20,123,47,44,2
11,1,0,22,134,42,44,6
11,0,3,27,137,47,41,11
9,5,0,14,36,22,28,8
8,4,0,17,46,26,38,5
10,3,8,17,31,20,24,10
10,1,0,20,191,63,56,7
3,8,0,26,333,70,65,1
9,3,0,25,122,47,46,6
12,1,0,24,136,48,39,10
7,4,6,25,138,48,40,9
10,3,2,17,34,21,31,9
12,2,6,16,46,27,35,10
9,6,2,12,34,25,24,6
6,4,0,21,191,58,61,6
12,0,0,28,332,68,66,5
13,0,3,24,122,50,41,8
5,4,3,24,134,50,42,8
8,7,0,19,135,42,46,1
12,3,1,15,33,24,28,10
8,7,4,16,46,26,34,9
8,5,2,14,32,20,27,5
10,1,0,24,189,55,61,3
13,0,0,31,329,71,60,10
6,3,2,22,121,49,44,7
10,6,0,18,138,45,45,0
15,3,0,24,137,42,40,9
10,4,0,14,34,22,30,9
5,3,0,18,43,26,35,6
12,4,6,16,31,23,24,9
7,2,1,21,188,59,62,6
9,8,0,26,335,66,62,1
10,2,0,26,121,48,41,9
12,0,0,22,132,50,41,4
8,6,8,21,132,44,44,0
12,4,2,16,36,22,27,9
8,2,0,17,44,29,36,8
9,8,5,13,33,21,25,3
10,4,0,23,192,56,60,3
13,0,0,27,333,69,60,11
10,3,0,23,119,49,43,7
3,3,3,19,136,43,46,3
11,7,0,18,137,44,40,0
9,1,4,14,33,23,28,8
7,5,4,13,45,26,39,3
10,8,3,15,33,21,25,6
12,4,0,28,187,59,56,6
7,3,2,26,331,73,64,10
10,3,3,20,121,47,43,5
9,5,3,21,135,43,43,3
13,0,0,21,131,49,41,7
6,7,5,11,35,19,32,8
11,7,5,19,46,25,35,2
11,4,2,17,30,24,24,8
8,0,0,21,187,62,57,9
8,5,3,28,329,66,66,5
9,1,1,19,122,47,46,6
12,1,0,21,131,48,36,3
10,1,2,24,132,45,43,9
10,6,5,14,34,20,30,7
11,2,0,15,47,28,33,9
10,6,3,14,30,20,24,8
2,2,2,22,187,55,63,9
9,6,1,24,329,63,63,2
13,5,0,20,122,50,40,4
7,0,0,25,129,43,43,8
8,1,2,22,133,39,44,8
10,9,1,15,33,23,28,6
11,6,2,17,43,30,34,8
8,3,3,15,31,19,26,10
8,0,1,19,189,54,58,7
9,4,5,23,327,72,63,4
11,4,0,24,119,47,41,5
7,2,0,22,130,43,43,10
5,0,3,22,134,42,45,4
9,4,3,17,34,22,28,7
10,2,0,18,46,28,35,7
7,3,6,14,33,21,28,7
7,5,3,20,187,59,59,4
16,5,0,26,328,72,60,7
10,0,0,24,121,48,42,8
7,1,4,20,133,41,44,5
7,7,0,21,130,49,45,3
10,3,4,14,34,23,28,10
9,2,4,14,46,24,40,6
10,8,6,13,33,22,24,5
7,3,0,27,185,61,56,5
11,0,0,25,328,67,62,11
8,0,4,20,122,47,44,6
6,3,0,21,128,48,43,7
11,6,0,23,130,45,40,4
9,5,5,12,36,19,31,9
9,8,5,15,43,30,35,4
9,5,1,16,32,23,23,7
11,5,0,23,188,56,57,10
9,3,4,22,329,68,65,7
9,1,2,22,118,47,45,4
12,6,0,23,132,46,39,8
11,2,5,18,135,44,38,8
8,5,2,12,34,23,30,6
10,6,0,18,44,27,34,7
11,5,4,15,36,20,23,7
9,2,3,20,188,55,61,7
8,6,1,23,327,69,68,3
8,2,0,22,120,49,41,4
13,3,2,20,137,43,36,9
11,2,4,19,137,42,42,10
8,7,0,16,32,24,27,6
12,4,2,17,46,26,32,8
13,2,5,12,33,19,25,10
8,3,2,19,185,59,59,5
8,10,1,27,327,72,63,4
9,4,0,21,124,49,42,8
11,0,3,18,135,43,40,4
11,6,4,23,133,44,45,2
11,5,3,16,33,23,32,6
10,3,1,17,47,28,33,8
12,6,4,13,32,20,21,10
10,2,2,19,186,56,58,9
6,2,0,27,328,70,66,5
10,7,0,21,121,50,42,6
11,0,1,18,138,41,43,4
3,3,6,24,135,42,44,4
11,7,1,15,34,22,27,8
11,4,3,11,48,26,34,8
7,3,4,14,32,21,25,7
9,6,0,24,185,60,60,5
11,2,0,23,331,74,62,6
10,0,5,17,123,48,41,7
8,2,2,27,136,42,43,9
5,8,0,22,133,43,43,2
8,6,3,11,36,19,26,7
7,5,2,13,45,24,35,8
9,6,1,16,30,22,26,7
8,6,0,17,186,60,54,3
10,0,3,22,335,71,60,8
9,3,2,20,121,45,45,5
3,6,0,22,133,45,41,2
3,6,0,17,136,53,37,2
10,5,4,14,34,22,30,9
6,7,6,20,43,27,35,8
8,5,1,15,32,24,24,9
11,4,3,15,185,59,54,7
7,0,5,23,332,66,64,9
7,3,3,19,122,44,44,7
10,7,0,17,134,47,39,6
7,3,7,19,141,50,42,4
9,4,2,18,34,22,30,7
9,7,2,17,44,29,36,8
10,6,6,12,32,24,21,8
7,2,6,19,190,58,56,8
11,1,1,24,330,64,66,6
7,5,0,21,121,49,45,3
9,2,3,17,136,48,38,6
12,1,3,19,141,46,40,9
10,8,2,16,31,21,29,6
9,6,2,12,47,30,32,6
13,3,7,11,33,21,22,10
7,4,0,22,186,57,57,7
6,3,0,23,331,69,63,6
9,4,3,19,122,46,43,3
7,1,2,19,139,45,38,7
6,6,0,19,141,47,43,4
10,5,4,11,33,22,26,8
10,4,6,15,47,26,35,6
7,3,2,14,33,20,24,8
9,6,0,24,185,57,57,6
10,1,4,21,332,71,59,4
12,0,1,15,124,48,41,6
7,0,0,24,144,43,40,8
6,6,0,20,141,47,41,0
9,3,5,12,35,21,26,8
8,6,2,16,46,27,36,7
8,7,4,15,30,22,26,6
10,4,2,15,186,59,54,5
9,1,0,17,335,66,59,9
10,4,0,19,124,44,43,4
2,5,2,17,138,48,43,1
8,1,6,14,138,52,41,4
9,3,0,13,34,20,28,7
8,8,0,15,45,26,36,3
9,2,7,13,32,24,24,7
15,0,0,16,188,57,54,9
11,3,0,22,336,70,59,6
9,4,0,20,121,46,45,1
10,0,5,14,135,43,39,9
12,2,3,17,141,49,38,5
10,7,2,15,33,20,28,4
9,6,2,14,42,27,35,5
11,2,7,11,32,24,21,10
11,4,0,18,191,58,56,8
6,7,0,22,332,66,61,3
9,3,2,21,121,50,43,7
12,2,1,15,139,49,37,10
11,8,0,15,137,48,39,2
10,7,3,14,34,24,26,11
9,3,0,15,48,25,35,7
11,8,6,13,32,20,25,5
9,5,0,20,187,57,60,5
7,1,1,18,332,73,61,7
12,3,5,16,124,48,42,3
10,0,0,21,139,44,41,4
5,2,5,23,139,47,44,7
13,4,4,12,33,23,27,10
9,9,0,15,49,27,35,7
7,5,2,16,33,20,26,9
9,0,6,22,189,58,59,11
11,1,4,15,336,70,59,9
6,8,0,17,122,47,44,3
7,3,1,26,136,41,42,7
12,0,1,20,138,46,39,10
11,7,0,14,33,22,27,8
8,3,3,17,43,27,37,8
10,3,7,11,33,21,24,11
10,2,0,13,190,63,56,7
5,4,1,19,332,68,63,4
10,2,0,21,120,47,44,5
14,2,3,22,139,46,34,13
7,4,2,15,140,50,42,9
9,5,4,14,33,22,29,10
11,4,3,16,47,29,33,12
10,6,4,10,33,22,23,9
5,5,0,14,187,55,59,3
7,4,0,26,333,68,61,7
11,0,1,19,120,49,40,9
2,5,4,16,134,46,40,4
7,9,0,18,139,45,42,8
10,1,5,16,32,22,25,10
9,6,4,11,45,26,33,11
8,9,4,12,34,21,25,8
5,3,0,20,187,55,59,3
16,3,1,21,331,68,58,8
9,0,2,20,120,49,40,12
3,4,0,15,137,44,41,3
10,8,0,19,134,44,41,6
12,4,3,13,34,24,25,11
6,6,2,10,46,28,34,6
10,7,2,13,33,20,24,6
11,0,0,23,188,56,55,9
10,0,2,19,331,73,56,7
6,7,5,19,121,48,44,9
7,3,0,22,136,44,39,7
16,4,0,21,133,46,35,7
7,9,3,13,32,23,30,10
7,5,0,15,47,26,35,6
13,3,4,13,32,22,21,6
11,2,3,20,185,58,56,10
9,5,7,20,332,69,63,8
10,8,0,19,120,46,44,6
12,0,0,20,131,49,36,7
11,0,1,21,133,49,36,11
10,7,2,13,34,20,27,5
12,1,0,16,42,27,32,9
11,3,7,16,32,23,23,10
4,4,4,16,188,55,60,9
11,5,0,18,331,68,63,4
13,3,0,21,120,50,41,6
6,0,2,17,133,49,39,11
9,4,0,17,136,42,37,8
12,5,3,14,32,22,31,9
8,2,3,13,46,29,37,7
8,7,5,9,32,20,21,7
13,7,0,20,189,56,60,9
13,1,0,22,330,71,62,8
10,1,2,19,121,45,40,8
6,2,2,18,134,47,43,9
5,5,0,18,138,47,41,11
12,2,4,12,33,22,28,8
10,5,3,17,46,25,36,7
10,5,4,12,33,21,25,9
11,2,0,21,188,54,55,3
6,0,0,22,332,68,62,7
9,1,0,23,124,44,41,8
12,5,1,17,135,47,44,6
10,2,0,18,135,45,40,6
8,3,2,14,34,23,26,10
9,6,3,12,47,26,33,8
10,5,1,12,32,23,23,8
7,2,0,22,189,58,54,7
10,0,1,18,336,69,60,7
10,3,1,18,123,48,42,7
13,6,4,20,139,46,39,6
9,2,0,18,141,45,40,7
10,4,4,12,33,23,26,8
10,7,0,15,44,25,31,8
10,5,2,15,31,22,24,10
8,1,1,20,188,57,53,7
10,8,4,25,332,69,58,7
9,1,0,22,122,47,38,7
4,1,0,19,140,47,37,7
5,3,1,21,140,50,41,5
9,3,3,14,33,22,29,9
9,6,3,15,46,25,32,6
11,6,3,14,32,21,23,9
7,2,0,20,190,55,55,8
13,1,3,22,334,65,60,5
11,5,0,22,126,47,40,9
9,3,0,20,146,39,37,9
9,3,0,20,147,47,42,7
9,6,6,15,32,25,23,7
8,2,0,13,45,25,31,6
10,4,5,14,30,22,22,8
7,4,3,24,188,60,53,7
8,4,1,24,334,65,57,5
9,1,0,20,123,49,42,7
7,1,5,19,141,48,40,8
11,3,0,21,145,42,41,1
11,6,5,13,32,24,27,7
10,5,1,15,44,28,31,6
7,4,5,14,31,21,20,7
6,2,1,18,187,60,52,11
8,2,3,24,331,68,58,6
10,3,0,19,123,50,40,5
9,0,4,19,141,48,38,6
7,3,2,19,140,47,41,6
9,6,5,15,32,21,25,6
8,6,0,15,45,26,29,6
8,3,3,14,31,20,22,8
6,0,0,22,189,60,51,5
9,6,0,31,335,71,54,1
12,4,0,24,125,46,38,6
7,0,2,27,146,46,38,9
7,5,0,27,143,48,38,4
11,3,2,14,34,21,27,8
10,2,2,12,44,26,33,8
7,6,3,12,32,20,23,5
11,5,0,19,191,57,53,7
10,4,0,20,338,63,55,5
8,3,0,19,126,46,41,5
7,3,0,22,151,48,40,4
10,9,1,16,150,47,38,1
10,6,4,16,32,23,26,4
11,5,3,15,43,26,31,7
9,1,3,16,29,24,23,9
7,3,3,24,188,57,53,8
8,0,0,25,339,66,60,5
12,2,2,20,124,47,40,6
9,0,4,25,148,48,40,9
7,5,0,19,151,47,42,6
9,6,1,15,32,21,24,6
9,6,3,15,44,25,32,8
9,5,0,15,32,23,23,7
8,7,0,21,187,58,54,3
12,4,1,29,339,66,56,7
12,1,0,24,124,47,43,6
6,2,0,23,146,50,41,5
6,8,1,23,152,48,38,4
9,7,1,11,33,22,26,7
11,5,0,13,43,26,31,7
9,3,1,13,32,21,21,9
10,7,0,20,189,57,55,8
8,1,0,28,339,70,62,5
8,4,0,22,126,49,38,5
7,4,0,24,147,45,39,8
7,6,0,25,147,47,44,4
12,5,1,15,34,22,26,7
12,6,1,13,44,25,31,8
9,5,3,13,32,20,25,6
5,6,6,18,190,59,52,3
11,4,2,23,338,66,54,5
8,3,4,22,127,48,42,4
5,4,6,16,151,48,40,5
8,6,2,23,154,48,41,5
11,4,0,16,31,21,29,7
6,5,2,17,43,25,30,6
10,4,2,13,31,20,20,6
11,2,0,24,189,59,52,7
10,3,0,25,338,67,57,6
8,3,0,23,126,48,44,6
7,0,0,24,151,48,37,5
8,2,0,20,150,44,42,4
11,4,3,14,34,21,27,7
6,6,3,15,44,28,33,9
9,5,5,10,32,23,22,6
10,4,2,23,190,55,54,6
7,5,0,26,338,68,57,8
10,5,3,18,126,49,43,6
9,3,0,21,150,46,35,7
8,5,0,24,149,44,39,8
11,4,3,13,34,23,26,5
8,3,1,18,46,27,29,7
10,4,2,15,31,20,21,8
7,3,3,20,191,58,57,4
9,0,1,22,340,69,58,4
11,1,0,19,126,46,40,6
6,0,3,23,151,49,42,3
6,0,1,20,154,50,42,4
12,4,0,17,32,21,26,8
8,2,2,15,46,29,36,8
13,6,0,16,32,19,22,6
10,1,0,25,190,58,52,7
11,1,1,24,340,72,58,4
12,3,0,20,126,51,43,4
12,1,0,21,153,50,39,2
9,4,1,20,154,46,43,4
12,7,4,15,33,20,29,6
8,3,0,14,44,29,32,9
9,6,3,15,32,21,21,8
7,3,0,25,189,57,58,8
13,5,0,27,340,73,59,9
9,4,0,23,128,49,41,8
10,4,0,24,151,46,40,5
10,4,2,23,152,48,40,9
11,5,8,11,35,23,28,8
9,4,2,14,45,24,33,7
8,3,5,16,31,21,24,5
10,0,2,22,192,58,57,4
11,2,2,27,343,71,61,3
7,0,2,23,127,47,42,5
10,1,0,21,151,46,41,2
9,2,1,25,155,49,36,5
12,6,5,14,33,24,31,8
9,6,1,14,46,28,32,7
10,5,2,14,31,22,23,6
9,1,2,23,191,58,57,6
12,3,3,24,342,71,58,3
10,2,4,22,128,48,41,5
11,1,3,22,150,46,43,3
13,1,4,24,152,49,39,2
6,7,2,15,34,23,26,9
9,4,4,19,45,25,34,7
10,5,0,14,33,23,24,6
7,6,0,23,192,61,54,8
10,5,0,28,340,73,59,6
9,3,0,22,127,47,43,4
6,3,3,23,156,49,39,9
5,7,0,22,156,52,42,5
9,6,1,17,33,22,29,6
6,7,0,16,48,27,33,8
8,5,1,14,33,22,24,7
9,5,0,25,190,60,57,4
5,5,0,26,340,70,59,8
7,5,0,24,127,51,42,6
8,5,2,28,159,50,40,4
4,2,0,24,158,47,41,7
10,2,5,16,33,22,27,8
11,5,0,17,47,25,33,3
12,2,4,15,33,22,22,8
8,2,0,23,190,57,53,5
11,4,0,23,345,73,56,5
10,1,0,23,130,48,41,8
9,0,0,24,162,50,38,1
8,3,0,22,160,50,43,7
11,5,5,14,36,25,28,8
8,3,3,15,46,27,36,1
11,3,6,15,31,24,24,6
8,0,2,23,192,59,57,7
13,0,1,24,346,72,62,0
11,0,0,24,130,50,43,5
10,1,3,24,161,53,42,5
11,5,1,23,164,49,46,4
11,7,4,14,33,22,27,8
9,6,0,15,44,25,35,6
9,5,5,15,32,21,20,5
4,3,4,22,190,57,54,8
8,6,0,28,347,69,60,4
10,3,1,26,130,48,44,5
4,1,2,26,164,50,40,2
9,9,2,26,164,46,41,2
12,3,2,14,36,22,28,6
7,3,0,15,45,28,35,7
8,5,4,13,33,23,23,7
9,6,1,24,193,59,58,6
7,5,0,29,347,73,60,4
10,2,0,24,129,53,39,4
7,4,3,20,165,54,44,8
6,7,0,23,164,54,44,5
12,4,1,13,34,21,28,6
11,2,2,18,45,25,38,6
8,4,6,13,32,23,24,7
13,4,1,26,191,59,56,3
11,4,0,22,350,71,65,6
8,2,1,22,130,49,41,4
10,5,2,25,160,48,41,0
7,6,2,22,164,48,41,1
9,4,4,15,35,21,28,7
10,5,2,21,45,26,34,1
9,5,8,15,33,22,25,8
9,0,1,25,193,57,57,5
15,1,1,27,350,72,65,6
11,0,7,23,128,52,44,4
11,4,0,22,164,47,40,2
11,5,0,23,165,50,46,6
9,6,2,15,33,23,27,5
4,2,5,16,45,28,34,5
9,8,5,15,33,24,22,7
9,1,0,21,191,63,58,6
9,0,1,27,348,71,61,1
11,4,3,24,129,51,45,4
8,3,0,21,164,49,45,7
10,6,0,20,164,52,43,2
11,6,2,15,34,23,27,8
10,5,2,16,45,27,33,4
8,6,6,17,34,21,24,6
10,3,6,21,193,64,57,5
9,2,0,28,347,73,62,6
7,1,3,26,129,49,39,4
5,7,4,25,163,52,43,4
6,5,0,25,161,51,43,6
8,2,3,15,34,22,27,5
9,4,5,15,46,27,35,5
9,4,1,15,33,23,27,7
13,1,1,24,190,60,57,6
10,2,4,28,350,72,59,1
10,1,4,22,130,48,42,5
10,2,1,26,164,51,43,9
6,0,0,25,168,53,42,3
10,4,0,15,34,24,31,8
10,3,3,16,46,27,35,3
11,7,5,14,33,23,23,4
11,3,0,23,192,57,58,5
13,0,3,29,348,72,63,6
8,4,2,21,130,53,43,5
7,8,3,23,164,46,40,3
12,0,1,22,166,50,44,6
10,4,4,17,32,23,28,6
6,5,2,16,47,27,34,5
8,7,3,16,30,22,23,7
8,3,0,25,192,64,59,7
8,5,2,30,349,73,62,5
8,3,3,22,129,49,41,5
10,1,0,25,163,48,45,5
12,6,2,24,164,49,44,4
11,5,6,18,34,22,28,6
5,4,3,17,45,27,33,2
10,7,6,15,31,21,24,6
12,3,1,25,192,61,56,8
3,0,2,31,348,76,65,2
9,4,3,25,127,48,43,0
11,4,1,28,165,51,40,8
8,0,0,26,167,50,47,4
9,3,6,15,35,24,29,6
9,3,1,16,47,27,35,4
9,5,6,14,34,22,24,7
8,3,2,26,190,59,57,3
14,4,2,30,349,73,64,5
9,0,3,26,131,52,45,4
7,2,3,26,163,47,40,2
9,6,0,27,164,50,41,7
12,4,3,11,36,24,29,7
8,2,4,15,47,27,33,3
9,6,5,13,32,21,23,8
12,1,1,22,193,61,59,8
6,2,0,26,350,71,65,3
9,0,2,27,131,51,42,5
9,3,0,22,167,48,42,7
7,2,0,24,165,53,44,5
11,6,4,14,33,20,26,6
11,2,2,14,46,27,36,7
7,5,5,13,32,23,24,5
10,2,0,26,193,61,57,6
11,5,1,28,350,69,62,5
7,0,4,22,130,50,46,8
4,4,1,23,168,54,43,1
12,3,1,25,167,49,37,6
11,7,2,15,33,24,28,5
9,2,0,18,46,28,33,3
9,5,3,15,32,24,23,7
9,5,1,26,191,59,59,8
7,3,2,30,350,73,66,0
9,0,4,26,130,49,40,5
7,2,2,28,164,47,42,4
7,1,5,22,165,50,46,0
9,5,4,14,35,24,26,5
10,5,2,19,44,27,34,7
10,6,2,16,33,21,27,4
9,1,2,22,192,62,56,4
9,4,0,31,351,72,61,4
7,6,0,26,129,50,44,4
14,2,1,24,162,48,44,3
6,3,5,25,165,51,47,5
10,5,5,16,34,22,28,5
5,4,7,14,46,28,34,5
9,6,4,15,32,21,21,7
9,3,5,27,192,58,57,3
11,1,9,23,352,72,60,7
9,2,3,27,131,52,41,7
4,5,5,28,166,50,39,7
9,4,8,22,166,47,45,5
8,1,4,15,34,22,26,6
5,4,3,19,45,25,34,4
8,3,5,14,32,22,24,4
9,0,2,23,192,61,57,3
7,0,4,33,353,73,61,6
8,4,3,28,131,51,41,4
8,0,6,23,167,50,41,4
9,1,1,27,170,48,45,5
9,4,3,15,33,21,28,4
7,4,0,17,43,28,35,4
8,5,2,19,34,22,24,7
9,2,1,27,194,60,55,3
10,0,3,33,354,75,61,1
6,2,0,28,131,51,43,3
6,0,2,29,174,52,43,5
11,0,4,29,174,54,47,0
10,3,3,16,33,22,28,8
10,3,0,17,45,27,32,9
8,6,5,17,32,24,22,6
11,2,3,27,192,56,57,5
10,2,0,29,352,71,65,12
10,5,1,29,132,51,39,5
8,5,0,28,175,46,44,7
9,1,0,29,171,51,43,7
9,5,4,14,33,23,26,7
9,5,2,20,46,26,30,5
9,5,6,16,33,21,24,7
10,7,3,27,192,61,52,6
8,4,0,31,355,70,60,7
9,3,2,31,131,51,42,5
10,3,4,31,172,52,40,5
5,2,0,25,176,52,41,6
10,4,2,16,32,22,27,7
9,5,2,16,44,28,31,3
10,6,4,18,32,22,25,6
13,2,0,28,192,65,55,8
8,2,3,31,352,75,59,5
9,2,0,27,133,51,42,1
11,2,4,29,176,55,41,3
8,4,5,29,173,54,39,5
8,8,1,16,34,23,28,8
9,4,1,18,46,26,33,6
10,9,5,17,32,22,24,8
8,5,0,26,195,63,56,4
7,6,0,34,356,75,65,2
11,1,0,31,133,50,45,8
9,2,5,24,175,53,47,4
9,5,3,29,179,51,45,6
7,6,4,15,33,24,25,8
9,4,0,16,46,27,30,6
8,6,0,16,34,22,23,6
8,1,1,27,193,61,53,9
8,2,0,30,353,72,56,8
8,5,1,28,134,50,40,6
6,3,1,30,178,53,37,9
6,7,2,28,177,51,38,6
9,5,2,14,34,24,29,4
10,1,4,18,48,27,32,6
9,5,2,15,31,23,25,6
8,6,0,24,195,64,57,2
8,1,0,29,355,76,62,4
8,1,1,28,130,52,44,5
8,6,3,28,175,56,47,4
8,2,0,25,176,52,46,7
10,4,0,14,33,22,29,8
9,5,3,18,46,28,34,5
10,6,5,15,33,22,26,7
11,1,0,25,194,58,57,1
11,1,1,29,356,74,60,3
8,2,2,28,130,49,43,6
13,4,0,25,177,50,44,0
13,1,1,21,179,50,44,3
8,6,2,15,35,23,26,8
6,2,1,18,46,27,32,6
9,7,3,17,33,23,22,7
11,6,0,27,192,59,55,7
11,4,1,28,356,70,58,1
7,1,0,24,131,49,42,7
8,3,1,29,173,49,40,5
13,4,4,30,178,50,42,1
11,4,2,16,33,23,28,5
10,7,2,16,45,27,35,6
11,5,3,15,34,23,24,6
9,3,0,27,193,59,56,6
7,0,0,27,356,75,60,7
10,5,3,27,132,51,41,5
8,8,2,24,173,53,42,6
10,1,0,26,173,55,38,4
11,3,2,15,34,21,27,3
9,4,1,18,43,27,33,3
9,5,4,15,32,21,24,8
12,4,3,29,194,60,57,2
11,4,0,29,354,72,60,6
8,3,0,28,128,50,40,6
12,6,3,27,167,50,44,7
6,3,0,25,168,52,42,6
8,4,4,12,35,20,28,5
11,2,3,19,44,24,33,3
9,5,3,15,34,19,26,6
10,4,0,24,194,54,56,1
14,3,2,32,354,68,60,5
7,0,1,28,130,46,44,5
7,3,0,23,168,49,42,1
11,1,0,27,168,50,43,4
11,4,2,15,34,25,28,9
7,4,2,17,47,28,31,6
11,7,5,14,33,24,23,7
10,4,0,24,193,57,56,5
10,1,0,32,354,67,57,2
11,5,2,26,131,49,42,4
10,3,3,26,168,46,43,0
11,0,4,25,168,47,40,5
10,5,2,16,34,21,26,6
9,2,2,18,41,28,33,8
7,4,3,16,34,22,22,7
10,6,0,25,192,60,54,3
11,0,0,30,354,72,57,4
8,4,2,27,130,50,43,6
7,5,1,27,165,53,41,6
9,1,2,23,167,51,39,5
9,3,4,17,35,18,28,7
8,4,4,17,44,24,34,4
9,5,3,14,32,21,26,7
10,2,0,26,195,53,56,6
8,4,0,29,352,72,64,9
8,3,0,24,131,49,40,7
9,4,0,29,166,47,41,3
9,2,0,26,170,52,40,10
8,3,1,16,34,22,28,5
9,3,2,17,48,25,33,6
11,7,4,15,34,23,25,8
10,4,0,25,195,59,59,3
10,1,0,31,355,71,61,3
8,0,0,25,132,48,43,5
11,1,0,26,166,48,44,4
11,4,0,26,171,48,40,4
10,8,3,16,34,23,26,8
8,3,3,14,42,27,33,8
9,4,5,14,32,24,23,7
8,5,0,28,195,60,57,3
12,1,5,26,354,68,60,6
9,1,1,24,132,48,44,5
6,4,2,25,169,49,45,0
13,7,1,21,170,48,40,4
7,4,5,15,33,21,26,8
8,5,3,17,43,27,33,5
12,6,5,17,33,25,24,7
11,3,0,26,195,56,54,4
8,0,0,29,354,68,61,2
8,5,0,27,129,51,42,5
10,6,0,25,170,51,44,6
9,0,0,27,168,51,42,7
9,7,1,16,34,21,27,7
11,2,3,17,46,26,32,8
8,2,2,16,34,23,22,6
8,6,0,28,195,59,51,1
14,5,0,31,355,70,54,5
8,1,2,28,130,50,40,6
5,7,0,27,169,51,41,0
10,2,0,29,174,52,35,2
9,3,5,15,35,20,28,9
7,5,1,18,46,28,34,4
10,9,3,11,34,23,24,5
10,1,3,24,196,57,55,10
8,3,0,28,354,71,59,5
8,2,0,23,133,50,41,6
9,5,0,22,176,49,41,3
12,1,1,25,175,52,40,9
10,5,4,15,35,21,26,7
10,6,3,19,45,25,35,7
10,5,0,17,31,22,25,3
11,3,0,27,195,62,52,6
7,0,3,27,357,74,55,7
9,1,1,28,131,49,41,8
12,7,0,29,173,51,41,5
13,3,4,22,174,52,41,3
9,6,5,14,34,20,27,8
8,3,1,19,44,25,34,8
9,5,1,14,34,21,25,4
6,3,1,23,195,61,53,6
7,0,3,31,359,73,53,9
11,4,3,28,130,49,38,6
12,4,0,28,174,51,44,3
8,0,4,22,179,53,43,5
10,6,2,18,36,22,28,8
9,7,1,18,43,26,36,7
9,2,4,15,34,21,25,7
7,2,5,22,196,62,51,5
8,3,0,32,357,70,53,13
7,5,0,27,131,49,41,6
13,2,3,24,174,53,41,5
10,3,3,27,179,49,40,8
10,4,1,15,32,22,29,8
8,6,3,17,45,30,33,4
10,4,3,14,34,23,23,8
9,5,0,29,195,56,54,5
10,5,1,28,355,72,61,1
11,4,5,22,131,51,42,3
5,1,1,26,175,51,38,10
9,7,0,32,178,52,39,6
9,6,3,14,33,24,30,6
12,2,2,15,44,28,29,7
8,7,0,18,35,22,23,8
8,2,0,23,194,57,54,5
13,1,5,29,355,67,57,3
10,1,1,22,132,50,39,6
5,6,0,23,175,50,38,5
9,4,1,31,177,49,40,4
10,3,5,13,33,23,26,7
10,3,1,15,46,28,31,9
8,8,0,14,33,20,24,7
8,3,2,26,195,58,54,5
15,0,1,27,356,76,57,5
10,2,0,23,132,49,39,10
10,6,0,27,178,48,37,7
10,0,1,26,177,49,43,4
11,4,4,11,33,21,25,7
8,6,1,17,47,27,32,7
10,7,2,13,32,22,25,4
11,0,4,22,194,62,55,4
13,4,0,24,355,71,55,6
8,8,0,21,131,48,40,6
8,3,0,28,179,48,40,1
11,0,5,26,178,49,43,6
7,6,1,14,33,22,27,8
8,5,1,18,46,28,32,4
10,5,4,16,33,22,24,6
8,1,2,22,193,58,52,8
10,5,1,25,357,73,54,4
7,4,0,24,132,48,42,2
8,1,4,30,175,50,42,6
11,3,4,25,179,52,39,9
10,7,1,16,34,21,27,5
9,2,2,17,43,25,35,5
10,5,5,15,32,22,22,9
10,5,0,18,195,59,52,5
9,3,0,26,354,69,61,0
10,1,3,25,131,48,46,4
12,1,0,25,178,52,37,7
8,6,0,22,178,52,41,2
11,3,5,15,33,22,28,6
12,3,2,16,45,27,31,10
10,5,1,11,33,21,22,5
6,5,3,20,195,56,53,3
10,0,1,29,357,67,59,6
9,2,4,25,131,51,42,5
8,5,3,22,178,49,40,4
6,5,0,19,181,50,42,1
10,1,3,16,36,22,27,9
9,4,6,16,46,28,31,7
7,6,2,15,34,22,23,5
6,7,0,23,196,57,54,2
12,0,5,30,354,67,55,9
11,2,2,24,131,51,38,6
6,5,1,20,182,48,41,1
9,1,0,22,180,48,42,6
11,4,5,16,32,22,25,9
8,7,1,14,46,27,32,4
8,6,1,14,34,19,27,5
11,0,0,25,193,56,52,4
10,2,5,30,353,69,52,6
7,5,3,25,133,48,40,3
9,2,2,21,181,46,41,4
13,3,0,22,182,49,34,6
8,6,4,15,34,20,29,4
12,0,4,16,45,25,32,8
8,6,4,15,32,24,22,6
6,8,4,23,194,56,51,3
6,1,0,28,357,67,58,5
13,0,0,24,133,47,38,5
7,3,3,26,177,51,38,9
5,2,2,22,182,48,45,5
12,1,4,16,33,24,27,8
9,4,5,15,44,29,31,5
7,8,5,16,33,23,27,6
10,4,0,23,195,57,52,2
14,3,0,31,357,69,53,9
9,0,2,25,131,50,40,8
7,5,2,21,180,48,44,1
9,5,3,22,181,48,42,4
10,3,4,17,32,23,26,9
6,4,3,15,45,27,35,4
11,8,6,13,34,21,25,5
10,2,0,27,193,56,49,7
11,2,1,31,355,73,56,8
8,3,4,21,132,48,43,4
9,3,1,23,181,45,40,2
13,1,2,27,180,50,40,7
7,4,3,15,32,23,29,7
7,5,4,18,45,25,34,3
11,7,5,16,33,21,23,6
10,0,0,22,194,58,49,10
12,1,2,30,355,68,56,6
8,4,2,24,135,45,46,3
8,7,0,24,181,50,39,2
14,5,2,28,179,53,36,5
9,7,5,17,34,21,29,5
9,7,1,14,46,25,33,3
10,4,2,14,32,24,21,6
8,2,1,25,193,59,50,9
6,0,3,23,356,66,57,6
10,6,2,24,133,48,43,4
13,6,0,24,178,49,40,4
9,3,2,26,177,49,37,4
8,5,5,12,35,19,29,5
10,6,4,15,45,26,33,4
9,4,4,16,30,24,22,6
10,1,1,25,193,55,52,7
8,3,5,24,356,65,61,7
9,5,0,23,133,48,41,2
11,3,0,23,176,52,41,6
7,0,4,26,178,45,43,7
9,8,5,14,34,22,25,8
11,5,0,19,45,30,31,4
9,3,3,15,33,21,25,6
8,3,1,24,195,54,52,6
12,4,0,25,358,68,61,6
10,3,0,26,132,49,45,4
9,0,5,26,176,48,41,3
6,1,3,23,177,54,39,8
10,5,5,12,34,22,31,7
10,6,1,17,44,28,32,6
12,8,4,15,32,23,22,8
10,0,0,26,195,58,53,7
9,4,4,27,358,64,62,5
11,6,3,24,131,50,42,1
11,2,0,26,174,50,40,4
10,0,4,27,177,47,40,9
10,6,3,12,34,22,28,5
11,6,1,16,44,28,30,4
12,5,4,15,33,21,22,8
8,3,1,24,195,55,56,7
10,2,3,22,355,66,64,2
12,3,2,24,130,51,42,3
10,1,0,25,174,50,39,9
11,2,6,19,176,43,41,6
10,7,0,15,32,25,26,4
12,4,0,17,44,27,29,6
10,2,4,13,34,19,23,8
10,2,3,23,195,54,55,5
8,7,0,28,355,67,59,2
9,3,1,27,132,47,38,6
10,2,2,23,177,47,42,7
10,6,3,23,174,48,44,5
9,6,1,16,33,24,28,7
14,6,3,17,46,27,30,7
10,4,7,13,34,22,23,6
10,0,2,23,193,55,55,4
7,7,0,28,356,68,57,2
11,4,1,24,132,48,37,6
11,3,2,20,176,46,40,7
7,3,1,25,174,50,42,5
10,6,3,15,35,22,26,8
11,1,7,14,45,25,32,5
9,4,3,16,32,22,25,5
10,4,0,25,193,60,53,2
13,3,3,27,356,66,57,5
13,2,2,21,133,48,42,9
7,3,0,29,172,49,42,3
9,5,0,25,176,53,39,3
11,2,3,14,34,19,26,7
9,4,3,14,44,26,33,3
8,7,3,15,31,24,23,4
11,1,0,24,196,58,53,6
13,0,3,25,357,64,56,4
9,3,1,23,132,46,41,4
9,4,0,27,174,50,43,6
9,5,0,21,175,53,39,3
10,6,4,14,31,22,27,6
9,6,4,18,47,27,32,7
10,4,2,16,33,22,24,7
13,2,1,21,196,57,53,4
11,0,4,28,355,71,58,3
10,1,1,24,130,50,40,4
11,3,0,24,178,45,39,8
8,3,4,24,177,45,42,2
11,3,2,14,34,24,28,4
11,3,2,14,48,26,30,6
7,4,4,16,33,21,25,7
9,5,0,25,191,57,54,5
16,1,0,26,356,71,58,4
10,1,4,21,133,47,41,5
7,0,0,28,176,45,42,6
8,5,0,23,177,47,40,0
10,4,3,13,35,22,27,5
11,4,4,15,45,23,33,6
9,6,2,17,34,21,26,5
12,6,0,22,195,60,56,5
13,2,0,26,356,71,56,4
10,4,3,23,134,48,39,7
8,2,0,28,175,45,43,4
8,6,1,25,176,49,43,0
10,2,6,17,33,20,28,6
9,7,2,16,44,26,34,4
10,4,3,14,34,25,25,7
11,3,3,21,195,60,50,7
12,0,2,28,356,66,57,6
10,2,0,28,132,46,46,4
9,3,2,22,175,49,40,3
11,0,5,20,181,51,43,4
9,4,2,17,34,21,30,6
8,7,2,16,45,26,31,4
10,5,6,13,33,24,23,5
12,1,2,25,195,57,54,7
10,4,0,27,354,67,55,4
10,4,0,26,132,50,42,3
11,0,5,20,178,49,40,5
13,3,0,21,182,45,39,5
10,7,2,18,33,21,28,2
8,5,4,17,45,29,34,4
11,2,4,12,33,20,23,7
9,2,0,28,196,56,54,4
8,7,0,30,353,68,61,3
12,4,3,21,131,48,42,4
14,1,2,24,179,49,38,5
12,3,0,26,181,48,44,1
11,4,2,16,34,23,26,5
9,2,3,18,48,28,33,7
10,5,3,16,34,19,23,6
9,5,4,24,193,55,54,1
11,2,2,30,355,69,57,3
13,1,2,24,133,50,40,7
14,4,1,27,181,52,39,4
7,5,0,24,180,47,45,1
13,4,3,16,35,24,24,7
11,5,0,17,46,25,33,5
9,6,3,17,32,22,25,3
11,2,3,24,193,56,53,3
12,0,4,24,356,72,54,5
12,6,0,24,134,48,41,2
8,5,0,27,178,46,39,3
11,0,6,28,180,54,41,5
9,6,2,18,34,20,27,4
9,5,2,18,43,25,34,1
11,2,6,14,32,22,23,6
12,3,1,22,196,59,51,3
10,8,0,27,355,64,61,0
12,5,4,28,130,47,44,1
12,0,3,26,178,49,38,7
13,4,0,23,182,51,43,0
9,5,4,18,32,22,26,2
10,4,3,18,46,28,32,6
11,4,2,12,34,23,23,6
12,5,0,25,193,57,53,0
7,0,0,32,354,66,59,1
10,1,4,25,133,50,42,1
12,5,3,24,179,50,38,4
9,4,0,24,186,51,42,0
10,3,3,15,34,23,28,5
12,3,8,14,44,27,33,6
12,8,3,13,35,20,25,3
10,8,0,26,195,57,58,0
13,1,5,31,351,66,59,5
14,1,4,25,134,48,41,3
11,4,1,23,181,47,42,1
8,1,0,23,179,48,46,0
14,3,5,16,33,22,25,6
11,6,3,13,47,26,33,2
9,7,1,13,34,22,26,4
10,2,0,26,195,57,56,3
15,0,3,31,353,70,57,4
8,6,1,23,132,49,44,0
9,6,1,26,181,49,42,1
16,0,0,24,179,49,41,4
10,7,1,12,34,22,27,3
8,6,0,17,47,25,35,4
13,2,3,17,33,22,23,6
12,0,6,25,193,57,53,2
11,5,3,25,354,68,60,0
8,4,1,24,133,46,47,1
15,2,1,27,177,46,39,1
12,1,2,25,179,50,41,3
12,3,3,16,33,21,29,4
8,5,3,16,44,27,32,3
12,6,5,14,34,21,25,4
12,4,0,24,194,57,57,0
10,3,1,29,352,64,55,0
12,0,2,24,132,48,43,6
13,0,4,19,176,50,43,0
10,9,3,23,176,47,46,0
14,3,5,15,34,21,27,6
10,3,3,14,45,27,34,5
8,9,4,13,35,22,27,1
12,2,0,24,193,53,56,1
14,0,0,25,352,68,55,1
11,2,3,20,131,48,44,4
6,5,0,22,178,43,47,3
14,3,0,26,177,44,44,1
12,5,6,13,33,25,27,4
9,5,4,16,43,26,36,5
10,5,2,15,36,21,24,3
14,0,1,18,192,57,52,1
11,0,1,24,349,68,55,6
8,4,4,22,132,44,45,0
8,4,0,21,174,45,44,0
16,4,0,25,174,53,40,4
9,6,5,14,35,21,30,3
10,7,0,13,46,24,36,3
11,3,3,14,34,24,23,4
11,0,6,23,194,55,55,6
8,3,5,21,351,64,61,5
12,5,0,21,131,44,43,0
14,0,0,28,177,48,44,0
9,0,4,22,175,47,38,1
10,6,2,12,34,20,31,3
13,4,3,17,46,26,34,1
10,4,6,15,34,26,23,5
8,3,0,23,193,55,54,3
11,7,0,23,352,64,64,4
14,3,0,24,131,49,41,1
13,0,3,23,175,49,41,1
9,2,4,20,177,44,46,5
12,3,4,15,32,23,27,5
9,4,5,17,43,27,33,3
9,6,3,15,35,22,27,6
9,4,0,21,195,56,56,1
17,7,1,28,349,70,56,0
11,0,6,23,130,48,42,1
7,0,4,21,177,42,43,4
9,9,0,23,176,50,45,3
12,3,6,15,33,24,31,4
8,3,4,15,46,26,34,3
10,8,3,13,36,23,23,6
15,4,0,23,192,59,58,3
15,3,4,25,349,65,60,3
9,0,5,20,132,48,41,0
7,1,0,21,176,42,39,0
11,4,2,21,173,46,42,5
13,6,3,14,33,23,27,3
12,1,2,17,44,27,33,3
8,4,6,14,35,21,24,6
9,5,3,22,194,57,60,3
11,6,0,27,348,68,61,1
14,1,3,24,131,49,41,1
8,0,5,24,175,48,41,6
8,1,1,19,174,43,42,5
12,4,4,15,33,22,28,2
8,3,5,14,46,26,34,4
9,7,3,12,35,21,26,6
10,2,2,19,193,56,58,3
14,0,0,29,350,70,59,0
12,3,1,20,133,46,41,3
10,4,6,22,172,44,41,4
8,4,1,21,172,49,44,3
11,4,6,14,34,21,27,4
10,5,3,14,47,23,35,5
10,5,2,15,33,23,24,5
12,3,1,22,193,57,54,0
13,0,4,27,352,66,56,4
9,3,3,18,131,46,41,2
9,8,5,24,169,48,44,3
13,0,0,24,174,51,45,2
8,7,4,13,33,21,31,5
8,6,0,16,44,27,35,4
13,4,3,15,34,22,24,3
11,3,1,21,196,57,54,2
10,4,2,25,349,62,59,2
10,6,0,23,131,48,45,4
11,1,1,25,173,52,45,4
12,1,0,20,176,46,38,0
9,7,4,16,32,22,29,4
11,4,1,16,47,30,37,2
10,6,5,16,34,23,23,5
10,5,3,20,194,53,54,2
8,0,4,28,350,66,63,4
12,3,0,25,130,47,44,0
13,4,6,21,177,48,42,3
6,2,2,24,176,49,42,7
11,6,3,16,32,24,28,3
12,2,2,14,47,27,32,5
10,2,5,12,36,22,24,6
7,6,1,24,193,55,56,2
11,2,0,29,350,65,62,0
12,3,1,21,132,48,41,1
10,1,7,21,175,49,40,5
8,3,1,26,176,43,43,3
11,3,5,14,34,23,27,5
11,4,3,14,45,25,32,4
10,8,5,18,33,22,25,6
9,3,0,24,193,55,58,0
13,0,2,23,351,70,58,1
11,3,2,20,134,47,43,2
4,6,1,28,175,46,42,2
10,2,0,25,175,48,41,0
11,4,5,13,36,23,27,4
7,4,4,16,45,26,34,5
9,4,2,17,33,21,24,4
13,2,0,23,194,58,57,0
9,0,5,25,351,69,58,3
9,3,3,23,134,46,41,1
12,5,1,23,177,46,43,1
11,2,0,23,178,51,45,1
12,7,3,16,32,21,29,5
10,3,2,14,46,27,35,1
8,4,5,14,35,23,26,4
7,3,0,24,195,59,54,4
13,5,0,29,348,65,58,3
15,2,2,23,132,47,46,0
8,1,3,22,179,51,41,4
11,1,0,25,180,48,39,3
10,4,3,14,32,22,27,3
8,2,4,13,46,27,32,1
9,4,4,13,35,21,24,6
10,6,0,28,194,60,57,0
11,3,4,25,349,67,60,0
15,1,3,22,132,49,41,2
9,2,0,23,181,49,43,4
9,2,0,25,180,47,45,0
11,5,5,12,34,23,26,4
10,5,3,16,46,26,34,3
9,5,2,15,34,21,25,5
11,4,0,26,191,55,57,0
12,0,6,26,350,71,59,2
13,3,1,20,132,49,43,4
6,5,0,23,182,44,42,4
10,7,2,28,178,52,44,0
10,4,2,13,35,22,25,5
10,5,1,18,47,23,33,3
10,6,3,17,34,23,26,2
11,4,2,24,193,57,55,1
13,2,3,28,352,67,55,5
11,4,0,24,132,50,42,0
8,2,2,26,178,50,46,0
12,1,2,23,180,47,44,0
8,6,1,17,35,22,27,5
9,6,2,17,44,26,36,2
10,3,7,15,33,22,26,4
11,2,0,22,193,60,54,2
8,6,0,26,353,70,57,2
9,5,0,26,134,48,43,0
10,1,1,25,178,50,44,4
12,4,2,26,179,51,40,4
10,6,7,16,33,20,29,2
12,3,5,17,44,26,34,3
9,5,3,14,35,24,23,6
9,7,0,26,197,57,54,0
10,2,1,34,352,62,61,0
14,2,3,28,133,49,40,3
10,4,0,26,180,49,42,3
11,6,0,30,183,47,42,0
10,3,4,14,32,22,28,6
10,5,2,15,44,29,31,5
9,6,2,15,35,21,26,5
9,0,3,27,194,56,55,0
8,0,1,33,351,70,60,5
12,3,1,27,133,48,39,2
7,7,0,27,183,50,43,0
9,1,0,26,181,47,46,6
10,3,4,16,34,22,28,4
12,2,2,17,43,29,33,5
10,7,3,14,34,22,25,2
8,3,0,27,195,56,55,0
11,0,2,35,352,68,60,6
12,2,4,28,133,47,42,5
8,7,1,25,183,50,43,0
7,7,0,27,183,47,45,3
11,5,5,14,33,22,27,6
11,5,1,17,46,25,32,2
8,5,0,16,35,22,26,2
10,2,2,28,193,56,54,3
15,3,4,32,355,69,56,2
10,6,3,23,136,47,42,0
10,1,0,25,180,47,44,1
13,0,1,32,182,49,40,4
10,5,2,14,34,25,28,3
9,4,2,17,46,24,35,3
11,1,3,14,34,24,24,6
9,2,1,24,193,59,51,6
9,5,2,27,350,69,57,0
10,4,0,23,134,46,44,0
13,1,1,27,181,50,37,7
8,0,3,23,182,50,42,5
11,5,0,13,33,20,29,8
12,3,4,15,45,27,33,5
10,4,4,13,35,25,23,5
8,5,0,23,194,58,58,0
13,5,0,30,353,66,58,4
14,1,0,26,132,48,40,6
10,3,7,23,180,51,41,1
8,5,3,23,182,49,48,2
13,4,3,15,34,23,26,8
9,6,4,17,43,27,33,3
8,7,4,15,36,21,27,3
12,0,0,25,194,56,57,3
13,1,0,31,349,70,58,3
8,3,1,25,132,50,43,3
10,4,1,24,183,48,45,2
15,7,1,25,182,49,40,1
10,4,4,16,33,24,26,6
8,4,2,16,46,26,38,4
10,8,2,16,36,22,26,4
14,3,0,28,193,57,55,4
12,0,1,34,353,69,58,6
11,5,3,22,133,47,46,1
9,5,4,23,180,46,43,0
15,0,0,28,178,50,40,3
9,5,2,12,33,22,28,4
11,5,2,17,47,25,33,1
12,1,0,18,34,22,24,7
12,1,0,27,193,61,57,4
9,4,6,29,351,67,63,0
13,2,0,21,135,48,42,1
15,5,1,25,177,51,38,5
9,0,3,25,177,49,44,6
9,5,2,14,36,20,27,5
14,8,0,19,45,29,30,1
9,4,2,16,33,23,26,7
9,4,4,20,195,55,57,5
12,8,4,31,352,65,59,3
13,4,0,25,132,52,42,1
11,2,0,25,176,47,37,0
8,3,7,25,180,50,41,7
10,5,4,15,34,20,28,4
11,4,1,16,44,27,33,5
11,4,4,18,32,23,24,8
9,0,2,25,195,57,58,5
10,6,0,26,351,64,59,0
15,5,0,25,133,50,39,2
11,0,0,26,173,49,43,5
9,2,3,24,179,44,46,4
14,5,2,14,33,24,25,4
10,2,2,19,44,28,33,6
8,4,5,13,35,21,28,6
12,4,1,23,195,58,56,0
12,4,0,29,349,73,60,3
14,3,1,26,132,47,41,4
11,2,2,22,178,47,44,3
7,2,0,25,179,48,43,0
12,5,3,16,33,23,29,8
9,4,0,18,47,23,35,4
10,6,7,14,35,24,26,4
14,4,1,29,193,61,55,0
13,1,1,29,349,69,57,5
11,0,1,24,135,47,44,3
9,2,4,24,177,50,44,0
10,7,0,28,175,53,44,2
12,5,4,13,35,22,27,6
8,3,2,18,47,28,34,3
11,7,1,16,34,23,24,5
9,3,1,27,194,57,54,3
9,0,1,28,352,66,62,4
11,4,4,23,132,51,43,0
11,4,0,24,174,51,40,2
13,0,1,28,179,48,40,6
10,4,3,16,34,22,30,4
15,6,3,18,44,29,32,2
10,4,3,17,36,22,25,6
10,0,2,23,196,54,57,3
8,3,1,30,350,71,63,0
10,4,0,28,131,51,45,2
16,1,1,28,176,49,40,8
12,2,2,24,179,49,41,2
13,5,3,18,33,23,31,6
10,2,2,17,46,25,35,2
9,4,5,14,34,21,26,2
7,5,1,25,194,60,53,3
13,2,0,36,350,68,59,2
14,4,1,25,132,48,46,3
10,6,7,26,172,47,42,0
10,4,0,28,178,44,37,4
10,4,5,14,33,22,30,5
9,8,0,19,45,29,35,3
11,3,3,16,36,23,24,4
14,0,0,23,195,55,57,3
9,2,3,29,349,69,65,0
9,3,0,28,129,48,41,0
12,2,0,24,179,48,38,5
11,0,4,25,175,44,42,2
9,6,2,18,32,23,27,4
13,3,1,18,47,25,30,6
12,2,5,13,35,22,25,6
13,5,0,26,191,57,59,0
11,7,1,32,350,69,63,1
11,3,1,27,135,49,42,4
11,6,1,24,177,44,41,1
10,0,2,30,178,48,45,1
12,3,2,16,36,22,27,8
10,3,2,15,46,24,35,4
10,7,5,17,34,21,27,3
9,4,0,31,192,61,57,3
12,5,0,31,353,69,58,1
13,0,2,26,134,50,41,4
13,0,1,30,174,48,46,3
9,8,0,30,173,47,43,0
13,6,1,15,36,21,26,6
12,3,4,17,48,24,33,7
9,4,1,17,32,22,26,2
9,5,0,26,195,61,56,4
14,3,0,27,355,71,56,3
12,0,7,29,133,46,42,5
10,3,0,30,176,47,45,2
13,10,0,25,177,51,42,0
11,3,4,18,32,21,31,5
9,8,2,20,45,27,34,1
10,4,3,14,36,26,24,5
14,0,4,24,195,57,55,4
6,0,0,38,352,64,57,2
11,2,0,28,131,47,43,2
14,0,2,24,178,50,42,3
11,1,5,26,180,50,45,3
9,5,1,17,35,24,29,4
12,5,4,14,47,28,35,4
9,4,4,17,35,21,24,5
6,4,1,29,193,56,55,0
14,6,0,35,349,66,61,1
13,4,3,27,133,50,40,0
14,0,1,24,181,52,40,4
13,4,0,32,180,45,46,0
11,6,2,14,34,24,29,5
12,7,3,16,47,26,34,3
11,4,2,18,34,20,26,6
11,6,0,29,192,58,59,3
11,3,4,28,351,67,55,1
14,4,3,24,133,48,42,3
11,5,0,29,181,47,43,4
12,7,0,30,177,49,43,0
12,2,3,14,35,22,27,5
11,6,0,18,46,25,38,4
10,8,2,17,33,24,25,3
11,5,3,28,194,61,57,0
16,0,3,31,356,67,57,6
13,5,0,27,132,46,42,1
9,5,1,28,177,49,46,0
13,0,4,23,179,49,42,3
9,5,1,19,33,22,27,5
8,5,1,18,43,27,36,2
11,3,7,14,34,24,25,6
13,2,0,25,197,57,54,3
8,7,0,31,356,66,62,2
11,5,1,28,130,46,44,2
11,0,3,26,179,51,41,6
12,1,0,32,185,53,40,4
10,6,6,15,33,24,29,3
14,2,5,16,45,28,33,4
11,5,2,15,36,22,26,5
10,8,0,31,197,57,55,0
11,6,3,32,351,65,62,0
14,0,3,27,131,50,40,6
12,5,0,29,183,51,40,2
9,3,0,30,183,45,45,0
14,4,4,12,33,24,25,7
12,4,1,17,48,28,34,4
12,9,2,16,34,23,27,2
9,0,6,28,193,56,56,4
16,0,3,33,357,73,59,1
12,6,0,27,134,46,42,0
10,7,0,31,177,48,42,0
12,0,6,29,182,49,42,5
12,6,4,15,36,23,28,5
8,8,0,17,45,24,36,2
10,6,6,18,34,24,24,6
14,0,1,27,197,60,55,6
15,7,0,30,355,70,58,0
12,5,1,31,131,48,43,2
10,0,1,30,179,50,42,3
14,2,4,27,182,50,41,0
11,9,2,17,34,21,29,1
9,3,3,20,45,27,34,4
11,3,4,15,34,23,24,6
12,4,3,25,197,58,55,0
8,5,0,30,354,69,62,0
11,2,1,31,131,47,44,1
17,0,7,30,181,52,37,6
12,5,3,24,188,53,42,2
10,4,4,19,31,24,29,5
12,4,4,19,46,28,30,8
12,7,1,13,37,23,24,4
6,6,0,31,195,55,59,0
10,0,2,35,353,69,60,5
12,1,5,27,134,51,41,4
5,11,0,29,183,50,44,0
7,3,0,30,185,51,48,0
13,7,3,12,36,23,26,4
10,7,0,16,47,26,34,0
10,4,2,19,35,22,25,5
15,0,4,27,194,58,55,3
14,1,4,26,359,71,57,4
8,6,0,25,132,49,47,0
12,7,0,31,181,48,41,1
17,0,3,30,184,53,39,10
9,8,4,14,32,22,30,2
7,6,2,18,44,26,34,2
15,4,5,19,35,24,23,9
9,3,3,23,195,61,56,1
7,7,0,29,356,66,65,0
13,1,0,31,131,48,43,4
12,0,3,25,181,54,41,2
7,6,5,27,184,51,45,0
12,6,2,17,32,21,25,5
13,0,6,16,45,28,30,7
9,7,5,13,37,24,26,4
6,7,0,26,195,54,60,2
11,2,0,34,357,67,55,0
14,2,1,27,132,52,42,4
8,1,7,30,183,50,45,4
10,5,2,26,186,47,45,0
11,6,5,15,32,25,27,5
10,5,5,16,45,28,35,8
9,6,4,13,36,23,25,3
14,4,0,25,194,56,55,0
15,0,0,33,356,70,57,4
12,3,1,27,132,49,42,3
9,7,0,23,182,46,47,0
14,1,0,26,183,53,40,3
11,6,4,12,35,22,29,3
11,9,2,16,44,25,34,0
11,2,0,17,33,23,23,5
10,0,1,30,193,60,54,5
9,4,3,28,356,67,60,3
10,4,1,25,133,46,43,2
15,0,0,27,181,52,42,3
10,0,4,23,182,50,40,3
12,4,1,14,34,22,28,3
13,3,2,20,44,30,31,5
7,6,7,16,34,22,26,7
10,5,0,24,198,56,57,4
20,5,0,34,356,69,60,0
13,0,3,25,131,51,42,3
10,0,3,25,183,43,41,2
9,9,0,25,185,50,47,6
11,2,3,17,33,23,28,6
7,4,4,17,46,24,34,6
12,9,4,16,33,21,26,4
10,6,0,27,193,61,56,0
15,0,1,33,356,68,55,0
12,2,6,24,132,47,44,5
6,3,1,30,183,47,48,5
15,4,0,28,182,54,45,1
11,3,6,14,34,20,29,6
8,7,1,14,46,26,35,4
14,7,3,16,34,26,23,5
14,0,2,25,195,61,53,2
11,0,4,27,358,64,57,3
10,6,0,25,134,47,46,2
12,7,0,26,181,45,44,0
17,2,4,26,181,51,39,0
12,7,4,16,35,23,29,5
12,7,0,18,44,29,34,2
11,4,5,19,34,22,23,4
7,0,2,28,195,58,56,6
10,2,0,28,358,65,63,5
14,6,1,27,131,50,44,3
13,0,0,33,179,52,42,1
13,0,2,27,185,42,40,0
14,5,4,17,34,23,28,5
12,0,4,19,44,28,33,2
9,3,2,15,36,24,25,3
11,8,3,26,196,59,54,5
15,6,0,35,355,69,61,6
16,1,1,29,133,47,43,3
9,2,4,26,186,53,44,1
6,4,2,26,182,52,38,3
12,4,1,16,34,23,28,3
13,4,5,16,47,26,32,2
8,7,2,17,34,22,27,6
10,4,0,25,193,56,57,1
17,1,0,35,355,72,59,0
14,0,1,27,135,48,40,3
8,2,4,23,183,43,40,1
9,9,1,26,184,51,46,0
11,3,6,15,37,21,27,6
8,4,1,17,46,24,34,6
10,9,3,18,34,23,28,1
12,1,0,30,196,62,60,0
16,0,1,36,358,67,55,5
11,2,3,27,134,45,41,2
8,4,2,30,181,49,44,0
16,4,0,31,183,49,44,0
8,7,4,17,34,20,29,6
9,6,0,19,45,27,35,2
14,5,3,18,35,25,25,6
16,0,1,28,197,58,53,6
11,2,3,32,357,65,57,0
9,7,2,30,133,47,45,3
10,1,0,32,181,53,47,1
10,1,1,29,185,47,43,0
12,8,3,18,33,23,29,7
14,1,0,18,47,27,35,6
11,5,1,15,35,20,22,3
6,8,0,31,194,55,55,4
10,2,1,39,357,66,62,2
14,4,0,31,132,50,42,0
11,0,4,26,185,51,41,5
11,0,0,32,184,46,43,4
13,4,2,17,34,24,28,4
14,5,4,17,48,28,32,6
10,3,4,18,35,22,27,8
12,5,0,32,194,55,57,0
12,2,0,30,359,73,56,3
10,1,1,27,134,48,42,3
8,5,0,34,180,48,41,5
14,4,0,33,183,47,46,0
11,4,5,18,35,20,27,6
8,3,3,21,42,23,36,1
11,5,2,17,34,23,25,2
10,1,2,26,197,60,55,0
9,0,3,34,358,68,56,10
13,3,0,36,131,46,42,1
14,4,1,28,182,48,45,0
12,0,6,27,187,54,44,2
11,6,0,18,33,21,28,6
13,4,1,18,45,26,34,2
11,1,6,15,36,25,24,6
12,3,0,29,197,55,53,3
13,6,0,39,357,65,61,2
11,2,0,30,133,49,44,0
10,3,1,26,184,52,37,8
12,1,0,32,188,50,42,4
11,3,2,18,33,21,29,5
12,5,5,19,46,25,32,0
11,4,4,17,36,26,24,5
10,4,0,34,196,60,57,3
11,2,2,34,358,67,57,5
13,0,3,32,133,46,46,0
9,1,0,26,184,49,44,2
8,7,3,26,186,49,41,1
11,6,1,16,33,22,27,4
12,1,3,15,47,27,34,5
10,5,4,16,35,23,25,5
9,8,0,31,194,56,56,1
11,3,2,38,357,67,63,2
15,1,4,27,134,51,40,5
11,3,2,28,187,50,41,4
9,4,0,34,188,46,47,1
12,4,6,15,37,25,26,7
10,5,0,19,47,28,32,5
9,6,4,19,35,21,29,3
12,0,7,27,194,59,54,3
14,1,4,31,359,73,59,3
10,5,0,32,136,48,42,3
12,7,0,31,183,49,46,0
10,3,3,30,186,54,42,6
11,7,1,18,34,19,28,2
11,5,2,19,44,27,35,3
12,2,4,14,33,23,25,4
13,2,0,28,197,56,54,4
10,10,0,34,360,68,61,0
11,3,3,28,132,50,44,2
16,1,4,29,183,51,37,5
10,6,0,29,187,47,43,2
11,5,3,15,33,24,29,4
12,1,2,14,45,27,32,8
10,6,0,17,36,21,25,4
8,4,0,27,197,56,59,2
13,0,8,33,359,71,60,4
12,1,2,28,133,50,41,4
8,8,0,27,184,48,44,0
9,2,0,34,187,47,45,3
11,4,2,18,34,22,26,6
9,6,0,18,49,24,36,3
10,5,6,17,36,23,27,3
10,0,2,30,195,57,58,4
15,1,2,33,360,71,56,3
10,6,0,28,135,49,44,0
8,1,0,33,185,47,44,2
13,1,6,35,187,53,41,8
8,7,5,15,32,23,27,3
9,3,0,17,48,26,34,4
14,7,3,17,35,22,27,5
11,5,4,28,197,57,57,8
9,1,0,31,361,71,57,1
10,2,0,27,134,48,43,0
9,1,0,32,183,45,44,5
8,1,4,29,187,51,40,4
10,4,2,16,34,21,29,4
10,3,4,20,44,26,33,5
15,5,3,16,35,24,23,6
12,7,2,27,198,58,54,0
12,1,0,35,361,64,63,2
12,1,0,30,135,48,42,4
15,1,5,28,184,53,37,3
6,6,0,26,183,50,45,0
12,2,3,15,34,24,27,7
7,11,2,18,45,28,34,2
10,5,2,15,35,20,26,5
11,0,0,34,197,56,55,4
15,1,5,37,360,66,57,7
10,1,0,25,133,48,44,0
9,5,0,26,186,43,45,0
12,0,0,36,185,49,40,5
10,6,2,13,34,21,29,3
10,4,2,16,48,25,36,3
14,3,5,18,33,24,23,7
10,1,1,32,194,59,54,1
10,7,0,31,362,68,60,0
14,1,0,29,131,46,42,3
15,0,1,32,184,48,36,4
10,3,5,31,185,53,45,1
13,5,1,16,34,23,27,6
14,2,2,19,44,28,32,2
11,5,7,17,34,24,25,3
8,3,2,26,198,59,59,0
17,4,1,33,361,66,58,0
14,2,0,33,132,48,41,7
7,0,3,30,185,52,46,2
11,6,5,25,186,49,49,0
14,2,5,20,33,22,26,8
8,3,3,19,45,28,37,3
11,10,5,14,35,22,25,1
13,1,0,31,195,56,53,1
16,0,0,32,360,70,57,5
11,5,2,26,130,48,42,2
9,3,5,31,187,46,44,0
16,0,1,34,186,47,40,4
10,7,6,15,35,23,30,3
11,6,4,19,47,22,35,4
13,2,3,16,37,22,22,7
12,0,0,28,194,61,54,5
7,1,2,33,361,69,62,0
11,7,4,29,134,45,45,1
15,3,0,32,184,52,37,5
15,2,1,31,184,50,40,3
14,5,2,19,34,23,26,6
13,2,3,17,44,28,32,4
7,3,4,12,34,23,25,4
10,6,0,26,197,54,56,0
12,3,0,33,360,70,58,2
14,2,0,29,130,51,38,8
11,1,6,30,183,47,46,3
7,4,2,24,186,48,46,0
10,5,2,14,34,24,28,9
11,7,9,16,47,24,35,5
10,5,4,14,37,21,26,3
15,3,0,29,195,59,50,1
13,3,0,33,359,66,58,2
8,1,0,30,132,45,44,1
9,6,0,29,187,51,38,0
18,5,3,30,185,55,39,4
8,4,5,13,34,20,29,4
10,9,2,16,46,26,30,2
13,6,0,18,34,24,24,5
10,1,0,28,195,56,54,4
14,1,7,31,360,65,60,0
10,0,3,24,131,50,43,0
12,7,4,29,185,53,36,2
13,5,2,29,186,51,41,6
12,8,2,15,35,23,28,2
11,5,0,19,44,26,29,2
10,2,3,18,35,22,22,4
8,0,0,26,197,55,59,5
11,6,4,30,361,69,58,0
14,7,2,28,131,54,41,0
9,1,0,31,186,49,39,7
10,0,5,22,189,47,42,2
13,6,0,18,33,24,26,5
11,3,3,19,45,26,35,7
10,5,7,15,35,22,24,4
12,5,1,26,197,60,54,0
14,4,0,33,359,71,53,0
14,3,3,28,133,47,39,2
6,0,1,26,189,48,45,1
8,4,2,28,185,54,41,1
8,3,4,15,35,22,26,5
10,3,4,16,45,29,34,7
12,6,2,18,33,24,28,4
14,2,0,28,197,60,55,0
13,2,1,29,363,69,56,4
11,2,2,27,133,46,40,3
8,7,0,31,185,53,43,2
15,1,1,30,190,55,41,0
9,2,5,15,35,19,29,4
11,6,3,17,44,29,33,1
9,4,2,17,34,24,23,4
16,0,2,31,198,58,52,2
13,5,2,32,361,68,60,4
10,1,6,31,131,48,42,0
9,3,0,32,188,58,41,0
15,2,3,31,190,52,37,3
10,3,3,14,32,23,28,5
12,6,1,19,44,30,31,3
10,4,2,16,37,23,24,6
13,0,2,26,197,53,54,2
10,4,0,29,358,70,62,0
8,2,2,31,132,52,41,1
14,0,0,27,190,52,37,8
14,0,5,26,189,53,44,4
10,6,2,17,34,24,25,5
14,2,1,17,46,24,29,6
11,3,5,14,33,24,26,2
8,4,1,29,195,58,56,0
11,7,0,35,361,72,57,3
13,0,1,28,133,48,38,2
11,1,5,28,188,47,44,2
11,5,2,37,187,52,44,4
12,4,4,14,36,21,28,3
12,5,3,16,46,25,34,2
10,7,2,19,34,25,26,6
13,3,0,28,196,59,47,1
13,1,2,29,363,70,55,4
12,1,3,29,134,46,45,2
7,10,0,31,185,49,43,0
12,3,0,27,192,57,41,0
7,6,5,18,33,23,31,3
10,6,0,21,43,30,33,2
14,6,3,15,36,23,22,7
14,0,5,27,199,58,54,3
11,3,3,38,359,66,62,6
11,3,0,30,133,51,41,1
10,2,2,22,192,52,41,0
12,0,4,28,193,53,41,7
9,5,4,17,34,22,29,3
10,7,0,19,43,30,33,4
13,7,3,15,35,25,23,7
13,0,3,25,200,58,55,5
12,3,0,36,360,64,63,4
9,5,0,32,133,50,40,0
9,5,1,26,192,55,36,2
18,0,1,30,192,51,42,6
10,5,2,17,35,22,27,4
13,5,3,18,45,27,37,1
10,4,7,17,34,24,24,4
9,2,2,27,198,59,50,0
13,4,0,30,361,66,59,3
13,5,0,29,133,48,43,0
10,0,4,28,189,57,38,0
13,2,0,28,194,51,43,1
11,6,0,17,32,23,28,4
9,7,1,16,45,30,30,2
13,2,5,13,36,23,23,5
12,1,1,27,197,55,56,1
6,8,0,36,360,68,57,0
12,4,1,29,134,51,43,0
15,1,7,25,191,54,38,7
12,6,0,29,192,49,44,2
12,3,3,13,35,24,27,5
13,3,6,15,47,29,33,7
11,3,1,18,34,20,24,4
11,3,0,30,197,56,58,1
12,0,7,28,359,71,57,0
13,2,3,22,133,49,41,2
12,0,0,31,194,52,42,2
14,6,0,31,188,54,42,0
14,3,4,16,35,23,24,6
10,7,0,21,48,25,33,4
10,5,6,18,35,24,26,2
13,1,2,25,195,58,55,0
13,1,0,29,361,73,55,1
11,7,1,28,135,50,41,2
8,5,1,35,188,50,41,0
15,1,0,26,189,51,40,3
11,5,1,16,34,21,29,2
9,7,2,18,43,27,34,2
11,4,5,15,34,25,23,3
13,0,1,21,197,61,55,4
12,1,0,36,363,65,58,0
9,5,0,31,133,46,45,0
11,0,8,28,188,56,42,2
16,2,2,28,193,52,42,1
11,7,3,18,32,22,28,3
10,3,8,15,45,30,31,7
12,4,5,15,38,24,24,6
12,9,0,25,199,54,56,0
11,6,2,39,360,71,57,0
12,1,3,30,132,52,42,3
13,2,0,28,190,51,36,2
10,5,0,28,193,53,41,2
12,4,6,15,35,23,27,5
14,6,0,15,47,26,32,3
10,8,3,18,34,23,25,2
9,3,2,29,197,56,56,4
16,0,6,30,359,69,56,5
13,5,3,27,134,47,40,0
7,3,0,32,192,50,44,0
12,1,1,33,189,50,43,2
11,6,0,15,35,22,27,3
8,5,0,18,45,26,33,1
10,5,6,17,33,24,25,4
16,5,2,24,197,58,48,5
14,7,0,31,363,72,57,1
9,3,0,31,134,47,44,2
14,0,5,29,192,53,41,5
13,3,2,25,193,55,38,6
10,4,5,17,33,22,28,5
12,2,4,14,46,27,33,5
12,8,5,16,35,25,25,3
10,6,0,27,198,56,55,0
13,3,0,35,361,68,60,1
15,1,6,30,135,48,41,5
12,2,0,21,189,52,41,4
6,6,0,25,190,49,44,0
14,3,7,13,33,23,26,5
12,6,2,13,47,26,32,2
9,6,3,17,35,23,26,1
12,3,2,29,195,57,53,4
20,0,0,32,358,74,56,7
11,9,1,25,136,49,41,4
10,6,1,30,193,49,44,1
15,0,2,31,193,50,38,1
9,9,4,14,36,23,30,4
10,6,0,18,47,27,35,2
13,3,3,17,34,23,24,6
16,2,5,27,198,60,51,6
9,1,1,27,361,69,61,1
10,7,0,26,135,45,41,0
15,1,0,30,190,51,37,7
12,0,2,26,190,57,39,3
12,7,3,14,33,20,29,2
15,0,1,21,47,27,32,6
10,3,5,17,33,26,25,5
9,9,3,25,198,59,57,1
15,7,0,33,361,68,62,1
18,2,0,27,133,49,37,0
12,2,4,25,188,51,40,4
16,1,5,28,194,49,43,1
16,1,2,17,34,21,26,5
13,6,6,19,46,28,32,6
9,7,5,14,35,20,27,5
14,4,0,26,200,58,54,0
16,1,0,33,359,69,57,3
13,1,0,30,134,50,39,6
9,9,5,30,192,47,45,4
12,2,0,30,195,50,41,0
10,4,4,14,34,22,28,6
11,7,2,15,47,25,36,1
13,3,1,15,34,23,25,5
16,0,1,31,195,63,50,1
9,5,5,35,360,69,60,5
12,5,0,26,135,48,42,1
19,2,0,32,188,54,36,0
15,0,4,29,192,54,42,2
11,7,0,13,35,21,28,4
17,4,0,17,46,28,29,3
12,4,4,18,34,23,25,8
9,2,5,25,199,55,57,3
16,9,2,31,362,66,61,0
14,5,1,29,134,53,41,1
13,1,0,29,190,50,38,5
13,2,4,25,194,47,42,5
13,10,3,15,35,20,29,5
11,5,0,17,47,27,32,5
16,4,4,17,33,26,26,4
11,0,5,25,197,59,55,0
12,3,2,29,363,67,58,1
16,7,0,26,135,53,46,2
11,4,0,34,189,53,39,3
11,0,0,26,193,49,43,0
11,3,3,14,34,20,30,7
8,8,1,14,46,27,35,4
13,7,3,16,34,25,24,3
18,4,3,23,197,63,52,0
13,0,2,31,361,66,56,4
12,2,0,24,136,49,44,1
13,4,0,26,191,52,47,0
13,2,2,27,190,52,40,1
10,6,3,13,35,21,29,6
14,6,3,13,44,29,34,1
11,3,4,17,34,22,24,4
10,1,0,21,197,59,56,6
12,4,0,25,360,68,61,6
17,9,3,24,133,52,39,2
16,0,1,28,192,54,41,0
12,0,2,21,193,46,40,2
13,1,6,14,34,22,27,2
13,3,5,13,47,24,32,3
9,7,1,14,35,20,27,7
10,6,0,24,195,60,55,2
18,2,0,29,358,74,55,1
14,0,2,23,137,48,40,2
10,4,2,22,189,47,45,2
12,6,0,23,190,53,47,0
12,3,4,15,35,23,29,6
10,6,3,15,47,25,36,4
12,7,3,17,33,25,26,3
14,0,0,24,196,61,53,1
17,0,2,31,361,68,56,3
10,4,2,21,133,48,41,4
11,3,3,28,187,51,45,1
14,1,0,30,194,54,44,0
9,7,3,14,37,21,30,7
11,4,0,13,44,27,35,2
14,5,2,16,34,26,27,6
14,0,3,23,198,60,50,5
10,2,5,24,360,63,56,4
8,7,0,23,133,52,45,1
11,4,0,27,188,54,43,1
15,1,0,22,194,48,43,4
13,6,4,14,32,24,27,4
13,1,0,18,47,29,35,4
11,2,4,16,36,20,24,6
7,3,4,19,198,58,55,4
10,3,1,34,357,74,60,0
16,3,0,26,135,49,41,1
11,0,5,23,192,52,41,6
8,4,1,24,191,46,40,2
15,3,4,16,34,21,25,5
11,1,5,14,48,24,32,5
7,5,6,15,33,21,25,4
11,9,0,24,195,59,56,0
12,1,0,27,360,74,62,3
11,1,2,22,133,49,38,3
11,5,3,30,189,50,40,3
11,2,0,29,188,50,47,1
13,0,5,13,34,23,26,5
12,4,2,12,46,23,32,4
9,8,5,15,35,24,27,6
11,3,0,25,194,62,57,2
20,2,3,24,361,72,57,1
13,2,3,26,135,50,40,5
9,3,3,30,186,46,44,3
15,5,0,25,189,50,43,0
11,5,5,12,35,21,26,5
10,2,1,15,45,26,36,5
10,6,2,15,33,24,25,3
14,0,2,21,199,63,56,4
9,2,1,27,359,68,58,8
12,2,0,31,130,48,40,4
15,3,0,25,188,51,42,0
18,0,6,19,191,53,45,4
9,8,4,16,33,20,29,6
11,2,0,15,46,28,34,2
12,5,3,12,35,25,27,4
9,0,3,23,197,59,53,8
13,1,0,29,357,66,55,4
16,4,0,26,133,46,42,3
11,1,5,21,193,53,43,2
12,0,0,23,192,54,38,7
14,7,2,13,34,23,28,3
10,1,2,15,45,29,34,6
9,5,3,17,35,21,24,5
12,5,0,26,196,55,53,1
14,4,0,32,356,70,60,0
15,1,6,21,134,51,39,4
15,2,0,25,193,53,38,4
9,6,0,30,192,48,46,2
11,2,4,14,34,24,28,7
10,5,2,19,45,27,34,6
12,2,2,14,34,20,27,5
11,2,7,20,196,59,57,2
16,0,0,26,358,72,56,5
9,4,0,26,133,47,44,2
10,2,2,29,187,51,45,1
15,1,1,24,188,53,40,2
12,6,2,15,34,22,27,7
11,6,3,19,43,26,37,2
10,2,7,13,34,23,24,6
12,2,2,21,197,59,53,3
6,4,0,29,360,70,60,3
11,5,0,25,132,48,41,1
13,1,4,22,190,50,42,4
12,2,0,22,193,51,42,6
11,5,4,13,33,22,28,6
15,3,3,12,44,29,30,5
10,3,1,16,36,22,24,7
13,2,0,23,197,55,53,3
11,1,6,30,358,69,61,0
15,0,4,24,132,49,40,2
11,2,0,20,190,49,40,5
12,4,1,28,196,53,39,0
12,2,8,16,33,24,27,6
14,2,2,13,45,28,32,5
9,6,2,15,36,20,26,5
14,7,0,28,198,55,55,0
14,0,6,28,355,72,60,4
17,2,3,25,133,52,39,4
10,7,0,23,196,51,43,2
11,0,1,25,193,50,47,3
11,2,3,14,34,21,26,6
13,6,0,17,47,24,33,4
9,3,4,15,34,23,26,4
16,0,4,21,195,59,54,4
14,2,0,26,358,72,55,4
12,4,0,27,135,50,43,0
10,2,1,29,194,49,45,6
19,0,5,26,194,58,38,7
13,4,4,13,32,23,24,7
12,7,0,13,48,26,32,3
10,5,1,15,34,19,26,3
13,0,5,26,196,58,55,2
14,0,5,26,355,70,56,6
12,9,0,25,133,50,40,0
10,4,0,27,192,50,43,0
17,0,0,28,193,51,43,5
11,5,0,14,34,21,28,3
9,2,3,18,42,27,36,4
12,2,6,14,33,22,23,7
14,4,1,19,196,62,55,2
9,8,0,26,356,69,60,0
14,2,0,25,134,48,45,2
16,1,3,28,193,51,38,5
13,3,0,23,191,52,41,3
10,3,4,15,33,20,28,7
14,4,3,16,46,27,31,8
8,8,3,12,34,23,23,4
9,4,0,20,197,53,59,0
14,0,0,28,357,65,61,4
13,0,1,22,130,51,39,4
6,7,0,22,192,50,44,0
11,4,0,22,200,50,44,3
12,3,6,16,32,22,24,10
11,6,3,12,46,28,34,4
8,7,4,10,37,19,28,4
13,0,0,23,196,57,56,4
15,1,0,25,353,70,56,3
12,1,4,21,132,50,44,3
9,1,1,21,194,48,45,0
16,4,0,21,194,51,38,4
8,10,4,14,35,22,27,2
11,5,1,14,47,25,35,4
14,4,2,13,34,20,21,8
15,0,2,25,196,57,51,6
8,1,1,23,354,65,63,2
11,7,1,18,135,45,42,0
13,1,0,27,191,48,40,4
10,0,0,22,194,54,40,7
11,7,3,12,33,22,29,3
14,4,1,17,46,27,31,6
10,2,2,15,32,23,22,8
11,6,6,20,195,58,55,1
10,5,1,22,357,62,61,2
14,0,0,21,134,47,40,1
11,2,0,21,189,55,43,4
6,2,1,18,196,52,45,1
12,3,2,16,34,22,26,7
8,4,4,15,44,28,33,3
9,7,4,14,35,20,26,6
15,3,2,21,197,54,52,1
16,0,0,21,355,67,56,7
12,1,2,19,134,49,43,6
7,8,3,23,192,47,44,0
10,6,0,19,199,49,44,1
10,6,2,14,32,23,30,7
8,6,4,16,46,28,33,6
10,6,3,14,35,21,25,4
14,1,0,18,197,59,52,3
15,1,1,31,353,68,60,0
9,2,4,20,135,47,44,1
13,8,0,17,195,49,37,4
15,5,0,23,194,55,43,6
11,9,6,14,34,18,28,4
11,3,0,14,46,26,34,4
12,3,2,14,32,21,24,6
9,3,5,21,197,55,57,2
12,3,3,21,356,64,55,0
15,5,1,22,134,52,42,2
11,1,1,26,192,50,46,2
9,2,0,22,199,52,43,1
9,6,3,15,33,23,26,7
9,7,2,15,48,27,36,4
9,5,6,15,33,24,22,5
10,2,3,25,195,58,54,1
8,2,0,19,353,68,61,3
14,2,0,21,134,48,42,4
13,3,0,24,194,50,44,3
8,2,6,20,197,47,40,0
12,6,4,12,33,23,27,6
12,6,1,14,44,29,34,4
9,5,4,14,33,23,24,4
11,5,0,20,195,58,53,4
14,6,0,21,351,68,61,4
11,4,2,22,133,48,40,1
8,6,6,22,193,50,40,2
10,6,0,20,195,51,44,4
11,4,4,14,34,20,30,5
14,5,1,16,47,25,34,4
13,3,3,15,33,21,24,4
12,1,4,23,196,52,52,1
13,4,5,27,354,65,59,1
14,0,0,22,133,47,42,5
12,1,4,24,196,45,41,0
10,6,3,22,197,50,42,3
12,4,0,15,32,24,29,6
10,2,2,17,46,25,34,2
11,7,6,12,34,22,25,6
11,3,2,22,196,57,55,4
15,0,0,27,354,67,61,0
14,2,0,22,133,49,40,1
13,2,5,22,193,45,39,2
18,2,2,26,198,48,45,3
11,7,4,13,33,21,26,3
11,5,0,15,43,26,33,4
10,5,6,14,32,22,24,5
11,6,2,24,195,58,55,0
16,1,1,26,351,63,56,3
13,3,0,23,132,48,42,5
11,6,0,23,196,50,44,2
15,5,5,20,195,47,39,1
14,5,5,15,34,22,30,7
11,4,1,16,47,26,34,5
10,3,6,13,33,20,21,3
11,4,0,21,194,53,53,4
11,6,2,28,352,64,56,6
13,3,0,21,132,49,40,5
7,0,2,23,194,47,42,0
9,3,0,27,193,48,41,1
12,3,3,16,34,22,28,5
11,7,2,13,47,25,33,4
12,7,2,13,33,21,23,6
14,0,0,21,195,57,55,4
13,0,2,24,355,68,58,0
12,6,0,21,134,48,40,3
17,2,2,21,197,49,42,8
10,0,0,22,197,49,42,1
12,7,3,17,31,21,26,7
12,2,2,16,46,25,32,4
9,4,5,15,31,21,24,4
13,7,2,21,195,55,54,2
15,4,2,25,356,68,61,1
11,1,2,21,133,48,41,0
15,5,2,23,198,47,39,4
12,3,0,25,199,49,45,1
10,3,3,13,33,22,26,4
11,6,2,16,45,25,30,2
11,4,2,14,35,23,24,7
10,0,0,21,194,57,53,2
8,2,2,28,355,65,57,1
12,5,0,24,133,46,40,2
13,4,0,23,198,47,43,4
11,1,0,25,200,53,44,0
11,2,3,15,34,22,29,6
10,4,2,15,47,26,33,2
11,5,4,15,34,23,22,6
13,3,0,21,195,55,54,3
10,1,1,25,355,66,58,2
10,1,0,21,135,49,38,0
15,6,0,22,198,49,40,5
16,1,0,23,199,50,45,0
11,4,5,15,33,21,26,5
11,8,1,13,45,24,32,5
12,5,4,13,34,22,25,8
12,2,4,20,198,57,53,1
11,4,0,22,354,65,58,7
12,3,1,21,134,45,42,3
10,0,5,16,196,49,41,2
10,2,0,22,199,50,43,4
10,4,1,14,32,21,26,5
13,5,2,14,46,28,32,5
10,5,4,13,33,22,24,7
11,1,1,23,195,56,58,1
12,5,0,26,354,64,57,5
15,3,1,21,132,47,44,1
10,0,0,23,195,53,42,2
11,3,0,21,196,46,39,2
10,5,3,12,34,21,25,8
13,5,2,15,46,26,34,5
10,4,7,10,36,23,24,6
13,2,0,20,195,55,51,4
11,4,3,25,353,66,59,10
16,2,4,17,130,46,42,2
13,2,0,20,188,52,42,8
9,3,0,22,191,48,38,5
10,6,4,9,32,21,29,3
12,2,2,13,46,26,31,4
8,4,5,16,36,21,24,4
13,4,0,17,197,56,52,0
16,0,2,19,354,68,62,4
15,2,3,19,133,48,38,3
9,4,4,18,182,47,41,2
15,0,4,17,184,46,40,1
14,5,4,17,34,22,27,6
14,5,0,13,44,24,32,3
10,3,3,12,34,21,27,5
11,2,1,22,197,58,53,3
13,2,4,21,354,69,60,6
14,1,2,17,128,47,44,1
10,3,0,14,176,47,40,4
11,1,3,21,181,50,42,3
13,8,7,12,32,20,28,6
12,5,0,15,46,27,30,7
10,7,3,13,35,22,25,7
12,5,3,19,196,57,54,3
14,4,0,18,353,64,58,7
13,5,0,19,129,46,40,6
12,9,1,24,177,48,42,6
12,2,1,18,176,46,41,8
11,4,5,10,36,20,28,5
10,5,3,15,47,27,34,4
12,3,5,13,34,22,25,3
13,0,5,15,195,53,53,1
12,3,0,21,353,68,59,0
10,0,0,16,129,43,40,3
14,0,6,17,171,46,40,1
12,2,3,17,175,49,42,0
10,7,4,14,32,24,28,8
9,7,0,14,48,26,33,8
12,5,5,14,34,21,25,7
10,5,1,17,195,53,55,7
12,7,0,19,353,69,60,3
10,4,2,18,128,41,44,4
14,5,1,20,174,46,41,9
11,8,2,20,173,49,44,4
10,3,4,15,34,22,29,4
11,2,4,15,45,24,33,6
13,4,2,13,33,23,24,2
8,1,1,18,197,51,54,3
14,0,0,25,353,62,61,4
14,4,0,17,129,45,40,3
10,2,2,14,170,44,38,4
10,4,0,18,171,44,40,4
11,3,3,10,34,23,29,3
13,1,5,14,46,24,35,7
10,5,5,12,35,24,24,6
12,5,3,18,197,54,55,2
16,0,0,21,351,64,60,1
13,4,4,16,127,45,43,1
14,3,0,20,170,47,43,4
15,0,1,16,171,45,45,0
11,5,3,12,34,20,27,7
10,6,1,13,46,24,32,8
11,5,2,9,34,24,26,5
12,4,0,16,197,52,53,3
13,4,1,23,351,63,60,10
13,2,2,17,126,46,43,2
14,5,1,17,173,43,39,4
11,1,0,19,171,45,42,6
12,6,3,13,32,23,29,4
10,3,2,12,47,24,33,3
12,3,2,14,35,23,23,7
12,2,0,21,195,57,56,3
14,9,5,20,356,64,58,3
14,4,0,18,127,45,40,7
11,2,1,15,176,51,39,6
9,3,4,17,176,46,42,9
11,8,4,14,34,22,28,7
11,4,5,13,44,23,33,5
14,5,3,12,35,21,24,3
13,2,1,18,195,58,56,4
12,2,4,20,356,65,59,1
15,4,3,15,128,45,43,0
13,0,0,15,179,47,41,5
11,0,0,20,178,46,43,4
13,6,3,13,35,21,26,5
11,6,2,15,44,28,33,5
10,5,2,15,35,22,25,8
10,6,2,16,198,57,55,4
11,4,3,16,357,66,56,5
12,1,1,20,130,47,40,5
12,4,2,22,181,48,42,3
12,3,1,16,183,50,38,2
13,5,3,15,33,23,28,4
12,4,2,13,45,27,33,3
11,4,2,13,34,24,25,6
11,7,2,21,196,59,55,5
13,8,4,21,355,69,60,5
13,1,0,16,129,49,40,4
9,2,0,22,181,51,38,3
11,3,4,18,183,50,43,6
11,6,4,12,34,20,28,6
13,4,0,15,45,26,32,3
13,3,4,15,34,20,26,4
10,4,3,17,198,56,55,1
19,2,0,24,358,65,59,1
11,0,0,20,129,45,43,5
8,0,2,19,187,46,44,3
13,4,0,18,186,49,42,3
9,5,2,14,34,24,28,8
10,2,3,15,46,30,32,6
14,7,6,13,35,25,22,5
11,4,0,19,198,57,58,3
12,2,0,25,358,66,58,3
12,3,1,18,131,48,42,3
11,4,2,21,187,45,41,0
13,1,4,21,190,48,42,0
10,6,2,16,34,19,28,7
10,4,4,15,45,25,37,5
12,4,5,17,35,23,25,5
11,7,0,20,197,57,55,5
12,0,0,29,358,68,62,7
13,3,3,18,131,48,39,4
12,4,0,22,189,51,42,4
12,1,0,24,191,48,39,4
11,6,5,14,33,21,25,3
14,6,2,14,46,25,33,9
11,4,2,16,35,22,26,5
9,2,3,21,196,59,59,3
9,4,1,19,358,72,59,3
11,2,0,23,135,44,42,3
10,3,0,22,196,49,44,5
10,1,0,23,195,53,46,3
9,2,6,17,34,21,27,7
9,4,5,14,46,24,34,5
10,6,3,16,34,24,25,5
9,2,0,28,197,58,56,1
11,1,0,31,363,67,60,4
10,4,2,23,135,47,41,9
10,3,1,29,195,51,46,1
14,3,0,30,199,53,45,2
7,3,3,15,36,21,27,7
8,5,1,13,45,23,34,6
10,7,2,15,34,24,27,6
10,0,0,28,197,58,57,0
12,3,0,29,363,64,58,3
7,6,3,22,134,46,42,6
7,6,2,31,196,48,46,4
16,3,0,26,204,53,46,5
8,6,4,15,33,22,28,8
7,5,0,17,45,25,32,6
13,5,4,17,34,23,26,4
11,2,1,26,199,60,57,2
8,8,2,26,361,64,60,5
9,5,1,26,133,46,44,6
12,0,0,30,201,51,46,1
14,2,0,26,206,48,42,0
10,5,2,16,33,20,28,5
11,5,3,19,45,29,36,3
11,3,3,16,35,22,26,6
13,2,2,22,200,55,55,6
4,4,3,33,361,67,61,4
13,5,0,29,133,48,44,3
15,0,0,27,207,53,45,3
9,1,5,26,208,52,42,5
9,7,0,15,31,23,29,6
15,3,2,18,47,27,34,6
10,1,6,14,36,23,24,5
8,2,3,26,199,53,57,4
11,4,0,36,361,66,66,0
10,3,1,27,134,51,45,3
11,0,2,29,207,52,41,7
9,5,0,32,206,47,43,6
12,4,3,16,33,23,29,2
14,3,5,15,48,27,33,6
9,2,4,19,36,20,26,5
10,4,0,30,196,56,58,2
16,0,0,31,363,73,63,0
11,0,4,25,133,47,41,6
6,0,1,32,208,50,42,6
11,5,0,30,209,46,47,1
9,4,3,14,33,23,25,5
12,4,2,19,45,26,33,5
10,4,2,18,35,22,28,5
10,1,0,24,197,56,55,0
9,0,1,31,366,73,60,3
10,2,0,28,138,47,42,7
12,1,0,34,206,49,47,3
14,2,1,31,209,52,49,1
7,5,3,16,35,21,29,7
9,5,0,18,43,24,33,7
11,4,2,16,36,22,25,3
12,0,4,22,200,59,54,6
12,3,0,34,365,69,64,5
10,7,0,28,134,47,45,3
12,3,0,25,205,48,44,4
12,1,2,29,210,55,42,6
9,5,2,16,33,20,27,3
16,4,2,16,46,26,32,3
11,3,4,15,37,26,26,7
10,2,0,26,200,55,58,4
14,8,0,32,362,66,65,0
9,2,4,25,134,50,48,1
13,0,0,26,206,51,39,6
11,2,0,31,213,51,49,3
11,5,5,15,34,23,29,4
9,3,5,14,47,28,31,8
11,6,0,16,36,23,25,5
7,3,0,27,198,56,62,4
14,0,7,25,361,69,64,1
12,0,5,25,136,51,44,6
7,6,0,32,206,50,44,2
9,4,1,31,210,51,49,3
12,2,8,15,33,24,28,5
10,4,2,15,47,27,34,6
8,8,1,15,37,19,28,3
8,4,1,28,199,59,59,0
16,3,3,24,360,73,63,1
10,1,0,21,134,49,42,6
8,6,0,30,206,48,45,0
8,1,1,26,206,49,51,0
11,5,0,13,34,23,26,8
9,6,1,20,48,28,35,4
9,6,4,16,35,25,28,3
9,0,5,20,197,60,57,5
14,1,0,26,361,69,60,4
8,6,0,26,135,49,44,0
9,1,4,28,199,54,47,1
14,0,1,23,200,52,44,9
7,8,2,14,34,24,29,3
10,4,4,17,45,28,36,4
14,4,5,13,34,22,24,7
11,1,0,22,198,60,56,4
11,6,0,29,362,68,66,0
10,0,1,21,135,47,46,3
13,0,5,21,195,55,44,5
9,7,0,19,201,51,43,1
10,7,1,12,33,21,27,8
8,5,1,15,47,24,34,4
11,3,4,16,35,25,27,3
9,0,0,20,195,60,57,6
14,9,5,21,360,73,57,0
11,5,0,19,135,48,43,1
10,2,0,24,196,48,47,5
13,0,7,25,198,50,43,10
10,8,1,12,35,23,28,4
10,1,1,15,45,25,36,2
11,3,8,16,35,23,27,6
12,2,1,21,200,63,54,1
7,7,0,20,358,72,64,0
10,1,0,19,132,46,45,3
15,0,2,23,193,52,42,7
12,5,5,23,195,50,41,7
9,5,2,13,33,19,30,6
11,3,4,16,45,27,34,7
13,5,4,16,34,25,24,5
12,3,0,17,199,60,59,1
8,4,0,22,362,68,66,1
14,0,1,20,132,48,44,8
11,0,3,19,186,50,40,3
7,9,5,22,191,49,46,3
13,6,5,15,31,26,26,5
13,3,0,11,45,27,35,1
9,6,3,13,35,23,27,4
10,3,2,21,200,58,54,9
14,0,3,19,357,70,61,4
11,4,2,16,133,47,47,3
12,0,0,20,188,49,47,3
12,5,0,21,187,51,41,3
10,6,5,13,34,23,28,5
9,7,1,13,46,29,36,5
10,4,3,14,34,22,26,5
13,1,3,20,199,60,54,9
6,2,4,20,357,71,63,2
10,4,2,18,132,46,45,0
17,0,0,19,187,49,42,8
10,1,0,23,187,55,46,5
11,6,2,13,32,23,27,5
13,8,1,15,45,27,36,4
9,4,2,13,35,19,26,4
12,0,1,21,200,58,53,4
13,3,1,22,357,71,62,7
11,6,3,18,133,47,45,0
14,5,0,17,192,44,44,4
6,0,0,23,193,51,39,10
10,8,6,12,34,21,30,3
12,6,0,14,48,24,34,4
12,2,0,13,34,23,22,7
11,1,6,19,197,58,55,5
6,0,2,20,360,65,65,3
12,6,0,20,131,45,44,0
12,4,0,23,191,51,43,4
8,0,0,20,193,53,44,10
10,7,6,10,36,22,28,4
14,6,2,13,46,27,32,8
13,4,3,15,35,26,25,7
9,3,3,23,200,58,63,3
8,5,1,17,360,67,65,0
16,3,0,19,131,49,40,1
9,0,2,21,193,52,45,10
7,0,3,18,195,48,45,3
13,6,2,16,32,22,26,6
11,3,0,16,46,29,33,8
9,4,4,12,36,23,26,4
12,5,3,19,200,54,61,0
13,3,0,22,362,70,60,0
12,2,0,21,131,47,40,5
6,0,7,20,195,48,47,6
8,3,0,19,200,50,45,0
13,6,1,16,31,24,26,5
7,3,3,16,46,27,36,6
10,5,4,13,37,22,25,3
16,4,2,21,200,63,55,2
12,0,1,25,360,71,61,4
13,4,1,22,133,43,44,8
11,3,2,20,200,49,48,2
9,6,0,24,199,52,40,0
9,5,2,16,32,18,28,5
11,6,3,14,48,26,37,2
12,7,4,15,35,24,22,2
16,0,0,22,197,58,53,5
8,0,6,23,361,62,67,5
10,3,6,21,134,44,44,0
13,5,0,27,197,56,42,2
15,4,0,26,200,50,41,7
8,5,3,14,33,20,27,3
12,6,0,14,44,31,33,3
13,4,4,16,34,23,25,7
10,1,5,21,200,56,57,5
11,0,3,28,364,70,66,2
13,6,0,22,134,45,40,0
12,1,2,25,200,49,40,0
10,0,1,25,203,46,45,7
10,4,4,14,32,22,27,2
15,7,3,14,45,30,30,5
10,6,2,15,36,23,26,8
9,0,3,19,201,54,62,3
10,5,0,23,363,72,65,0
14,1,1,21,131,49,44,3
16,0,3,24,201,48,44,4
11,1,4,18,204,49,45,5
13,6,0,17,31,23,28,4
14,5,2,15,45,26,34,8
10,4,4,14,37,23,26,7
10,0,3,22,199,58,60,0
15,3,0,30,362,72,60,1
13,1,0,23,134,47,38,3
10,0,7,24,203,46,45,4
8,4,2,22,201,53,49,2
13,4,2,15,34,22,25,5
11,4,3,15,46,24,35,5
8,7,4,13,35,23,27,6
10,2,0,27,198,59,57,1
16,0,0,26,365,74,60,3
13,3,3,18,134,44,41,4
9,5,0,21,202,51,48,4
9,4,0,29,202,55,50,1
13,3,5,13,32,21,28,7
11,5,5,15,44,26,37,3
9,5,4,15,35,27,26,4
13,5,1,25,202,58,53,7
15,5,2,20,366,67,61,7
11,1,4,23,131,46,44,0
10,8,0,28,200,56,43,1
13,2,1,25,206,53,41,4
8,6,7,14,31,22,28,4
12,7,0,17,44,29,33,6
13,5,3,17,38,25,25,8
11,0,4,19,200,58,53,3
13,3,1,25,364,67,67,5
11,7,0,26,131,49,43,0
9,6,1,21,203,55,41,2
16,0,4,22,206,49,44,8
10,1,5,16,32,25,27,4
12,7,1,14,45,27,31,4
12,4,6,12,37,23,24,7
10,1,2,19,198,55,59,0
13,5,0,32,362,68,60,1
14,5,0,20,134,50,44,1
12,0,8,20,202,51,43,9
12,1,3,27,203,49,44,1
13,4,3,14,34,23,25,5
13,5,3,13,45,25,33,7
10,3,4,17,35,20,27,6
11,3,0,24,198,56,59,1
15,4,0,26,364,73,60,1
13,2,2,20,136,47,43,3
15,1,3,28,201,48,50,5
11,7,0,31,199,51,48,0
13,5,4,13,35,19,27,4
10,5,3,15,45,25,34,6
11,7,0,17,33,23,26,4
14,8,0,20,200,59,57,1
16,0,4,25,366,71,63,3
10,6,2,23,134,43,44,2
8,6,0,26,202,47,44,0
14,8,1,22,204,57,48,0
13,5,2,13,33,23,25,3
14,1,7,13,44,27,34,5
10,5,5,17,35,21,28,3
7,7,0,21,199,54,55,0
14,2,2,23,363,74,64,0
16,3,5,21,136,48,43,5
11,0,0,24,205,47,45,0
11,2,0,28,203,51,51,0
13,5,6,12,34,21,25,7
13,3,1,16,46,26,32,5
9,8,3,16,34,24,29,3
9,4,6,18,200,57,55,0
14,1,5,22,366,66,60,2
11,2,0,25,135,48,42,4
10,6,0,26,202,48,48,1
9,2,4,26,205,54,43,2
12,5,5,13,34,20,26,6
11,7,0,16,44,25,36,2
12,7,6,15,35,24,26,4
16,3,3,18,200,59,54,3
14,0,2,26,365,65,64,7
14,3,0,27,132,45,43,2
9,3,4,23,204,51,46,2
12,0,8,20,207,48,44,6
12,2,4,12,34,21,27,5
12,5,0,16,46,24,36,4
10,8,3,16,34,24,27,1
12,3,2,21,200,58,59,2
17,0,2,24,364,64,59,4
14,5,0,25,133,42,45,1
9,1,5,26,203,51,48,0
15,0,5,19,203,48,46,6
11,7,0,15,32,20,27,5
7,5,3,16,45,24,35,1
12,4,6,12,34,21,25,5
10,0,3,17,201,58,55,7
12,8,0,26,365,68,63,0
9,6,0,25,131,44,45,2
13,0,5,22,200,53,41,7
12,3,0,19,206,48,44,6
10,7,4,15,30,21,28,3
13,2,8,12,46,27,32,6
12,7,2,14,37,22,24,6
10,7,0,19,201,54,56,0
13,4,3,28,360,64,62,0
17,0,1,19,133,45,40,7
16,8,0,19,202,49,42,1
10,8,0,23,203,43,48,0
12,5,4,14,31,22,25,7
13,4,1,12,47,27,32,5
12,7,4,13,36,23,26,3
9,1,0,24,200,56,58,2
14,1,7,26,361,70,62,4
15,4,3,18,134,48,39,2
9,7,0,20,202,51,43,0
9,2,0,23,200,46,46,3
